,family,number,genus,species,comment,,
411,Myristicaceae,18,Horsfieldia,irya,X2 NO BC,,
412,Myristicaceae,18,Horsfieldia,polyspherula,X,,
413,Myristicaceae,18,Horsfieldia,unknown mixed,X,,
414,Myristicaceae,18,Knema,cinerea,X,,
415,Myristicaceae,18,Knema,elmeri,E00166111,,
416,Myristicaceae,18,Knema,furfuracea,"E00160422,E00164355",,
417,Myristicaceae,18,Knema,glomerata,X,,
418,Myristicaceae,18,Knema,kostermannsiana,X,,
419,Myristicaceae,18,Knema,latericia,NO BC,,
420,Myristicaceae,18,Knema,laurina,NO BC,,
421,Myristicaceae,18,Knema,oblongata,X,,
422,Myristicaceae,18,Knema,pulchra,X,,
423,Myristicaceae,18,Knema,unknown mixed,X,,
424,Myristicaceae,18,Myristica,cinnamomea,E00375689,X1 NO BC,
316,Magnoliaceae,19,Magnolia,beccarii,X,,
317,Magnoliaceae,19,Magnolia,candolii,E00037285,,
318,Magnoliaceae,19,Magnolia,gigantifolia,X,,
319,Malvaceae,19,Brownlowia,peltata,,,
33,Annonaceae,23,Anaxagorea,javanica,GENUS INDET E00016912,,
34,Annonaceae,23,Cananga,odorata,X,,
35,Annonaceae,23,Cyathocalyx,magnifructus,X,GENUS NOT SP,
36,Annonaceae,23,Goniothalamus,gigantifolius,X,,
37,Annonaceae,23,Goniothalamus,species 1,X,,
38,Annonaceae,23,Goniothalamus,species 2,X,,
39,Annonaceae,23,Goniothalamus,species 3,X,,
40,Annonaceae,23,Goniothalamus,uvarioides,X,,
41,Annonaceae,23,Goniothalamus,woodii,NO BC ,,
42,Annonaceae,23,Marsypopetalum,pallidum,X,,
43,Annonaceae,23,Meiogyne,virgata,"E00160420,E00187530",,
44,Annonaceae,23,Monocarpia,borneensis,X,,
45,Annonaceae,23,Monoon,erianthoides,X,,
46,Annonaceae,23,Monoon,grandiflorum,X,,
47,Annonaceae,23,Monoon,hookerianum,X,,
48,Annonaceae,23,Monoon,species 1,X,,
49,Annonaceae,23,Monoon,species 2,X,,
50,Annonaceae,23,Monoon,xanthopetalum,X,,
51,Annonaceae,23,Neo-Uvaria,acuminatissima,E00194689,ACUMINATA,
52,Annonaceae,23,Neo-Uvaria,unknown mixed,X,,
53,Annonaceae,23,Orophea,corymbosa,X,,
54,Annonaceae,23,Orophea,creaghii,X,,
55,Annonaceae,23,Orophea,myriantha,X,,
56,Annonaceae,23,Phaeanthus,ophthalmicus,X,,
57,Annonaceae,23,Phaeanthus,splendens,X,,
58,Annonaceae,23,Polyalthia,borneensis,X,,
59,Annonaceae,23,Polyalthia,cauliflora,"E00148438,E00148460,",X2 NO BC,
60,Annonaceae,23,Polyalthia,insignis,X,,
61,Annonaceae,23,Polyalthia,microtus,X,,
62,Annonaceae,23,Polyalthia,obliqua,X,,
63,Annonaceae,23,Polyalthia,saprosma,X,,
64,Annonaceae,23,Polyalthia,species 3,X,,
65,Annonaceae,23,Popowia,hirtum,X,,
66,Annonaceae,23,Popowia,odoardoi,X,,
67,Annonaceae,23,Popowia,pisocarpa,X,,
68,Annonaceae,23,Popowia,unknown mixed,X,,
69,Annonaceae,23,Pseuduvaria,pamattonis,X,,
70,Annonaceae,23,Pseuduvaria,reticulata,GENUS INDET E0028371,,
71,Annonaceae,23,Sageraea,lanceolata,X,,
72,Annonaceae,23,Sageraea,sarawakensis,X,,
73,Annonaceae,23,Xylopia,ferruginea,X,,
262,Lauraceae,30,Actinodaphne,borneensis,,,
263,Lauraceae,30,Actinodaphne,glomerata,,,
264,Lauraceae,30,Actinodaphne,macrophylla,,,
265,Lauraceae,30,Actinodaphne,pruinosa,,,
266,Lauraceae,30,Actinodaphne,species 1,,,
267,Lauraceae,30,Actinodaphne,unknown mixed,,,
268,Lauraceae,30,Alseodaphne,bancana,,,
269,Lauraceae,30,Alseodaphne,unknown mixed,,,
270,Lauraceae,30,Beilschmiedia,assamica,NO BC,,
271,Lauraceae,30,Beilschmiedia,cuadrae,,,
272,Lauraceae,30,Beilschmiedia,micrantha,,,
273,Lauraceae,30,Beilschmiedia,tawaensis,NO BC,TAWA,
274,Lauraceae,30,Beilschmiedia,Unknown species 1,,,
275,Lauraceae,30,Caryodaphnopsis,tonkinensis,,,
276,Lauraceae,30,Cinnamomum,griffithii,,,
277,Lauraceae,30,Cinnamomum,racemosum,,,
278,Lauraceae,30,Cinnamomum,unknown mixed,,,
279,Lauraceae,30,Cryptocarya,erectinervia,,,
280,Lauraceae,30,Cryptocarya,pulchrinervia,,,
281,Lauraceae,30,Cryptocarya,teysmanniana,,,
282,Lauraceae,30,Dehaasia,caesia,,,
283,Lauraceae,30,Dehaasia,gigantocarpa,E00164353,,
284,Lauraceae,30,Dehaasia,incrassata,E00006100,,
285,Lauraceae,30,Dehaasia,unknown mixed,,,
286,Lauraceae,30,Eusideroxylon,zwageri,NO BC,,
287,Lauraceae,30,Litsea,accedens,,,
288,Lauraceae,30,Litsea,angulata,,,
289,Lauraceae,30,Litsea,caulocarpa,,,
290,Lauraceae,30,Litsea,cordifolia,,,
291,Lauraceae,30,Litsea,cuprea,,,
292,Lauraceae,30,Litsea,curtisii,,,
293,Lauraceae,30,Litsea,elliptica,E00198915,,
294,Lauraceae,30,Litsea,ferruginea,,,
295,Lauraceae,30,Litsea,ficoidea,,,
296,Lauraceae,30,Litsea,fulva,NO BC,,
297,Lauraceae,30,Litsea,garciae,X2 NO BC,,
298,Lauraceae,30,Litsea,grandis,,,
299,Lauraceae,30,Litsea,longifolia,,,
300,Lauraceae,30,Litsea,machilifolia,,,
301,Lauraceae,30,Litsea,oppositifolia,,,
302,Lauraceae,30,Litsea,robusta,,,
303,Lauraceae,30,Litsea,unknown mixed,,,
304,Lauraceae,30,Nothaphoebe,canascens,,,
305,Lauraceae,30,Nothaphoebe,heterophylla,,,
306,Lauraceae,30,Nothaphoebe,letophylla,,,
307,Lauraceae,30,Nothaphoebe,umbelliflora,,,
308,Lauraceae,30,Phoebe,grandis,,,
547,Sabiaceae,133,Meliosma,pinnata,X,,
548,Sabiaceae,133,Meliosma,sumatrana,NO BC,,
549,Salicaceae,133,Casearia,grewiifolia,X,,
550,Salicaceae,133,Flacourtia,rukam,XX,,
551,Salicaceae,133,Homalium,foetidum,X,,
552,Santalaceae,133,Scleropyrum,pentandrum,X,,
494,Proteaceae,136,Helicia,excelsa,X,,
495,Proteaceae,136,Helicia,robusta,X,,
496,Proteaceae,136,Heliciopsis,artocarpoides,X,,
691,Vitaceae,162,Leea,aculeata,X,,
692,Vitaceae,162,Leea,indica,X,,
120,Combretaceae,177,Terminalia,citrina,X,,
121,Combretaceae,177,Terminalia,ivorensis,X,,
122,Combretaceae,177,Terminalia,phellocarpa,X,,
123,Combretaceae,177,Terminalia,species 1,X,,
124,Combretaceae,177,Terminalia,species 2,X,,
315,Lythraceae,178,Duabanga,moluccana,X,,
425,Myrtaceae,181,Decaspermum,parviflorum,X,,
426,Myrtaceae,181,Syzygium,barringtonioides,X,,
427,Myrtaceae,181,Syzygium,christmannii,X,,
428,Myrtaceae,181,Syzygium,creaghii,X,,
429,Myrtaceae,181,Syzygium,elliptilimbum,X,,
430,Myrtaceae,181,Syzygium,elopurae,X,,
431,Myrtaceae,181,Syzygium,fastigiatum,X,,
432,Myrtaceae,181,Syzygium,hirtum,X,,
433,Myrtaceae,181,Syzygium,imperiale,X,,
434,Myrtaceae,181,Syzygium,kiauese,X,,
435,Myrtaceae,181,Syzygium,kunstleri,X,,
436,Myrtaceae,181,Syzygium,leptostemon,X,,
437,Myrtaceae,181,Syzygium,panzeri,X,,
438,Myrtaceae,181,Syzygium,penibukanense,X,,
439,Myrtaceae,181,Syzygium,pustulatum,X,,
440,Myrtaceae,181,Syzygium,scortechinii,X,,
441,Myrtaceae,181,Syzygium,tawahensis,X,,
442,Myrtaceae,181,Syzygium,unknown mixed,X,,
342,Melastomataceae,185,Melastoma,malabathricum,X,,
343,Melastomataceae,185,Memecylon,costatum,X,,
344,Melastomataceae,185,Memecylon,laevigatum,X,,
345,Melastomataceae,185,Memecylon,oleifolium,X,,
346,Melastomataceae,185,Memecylon,paniculatum,X,,
347,Melastomataceae,185,Memecylon,species 1,X,,
348,Melastomataceae,185,Memecylon,species 2,X,,
349,Melastomataceae,185,Memecylon,species 3,X,,
350,Melastomataceae,185,Pternandra,coerulescens,X,,
127,Crypteroniaceae,186,Crypteronia,griffithii,NO FAM,,
214,Fabaceae,194,Fordia,brachybotrys,X,,
215,Fabaceae,194,Fordia,gibbsiae,X,,
216,Fabaceae,194,Fordia,species 1,X,,
217,Fabaceae,194,Fordia,species 3,X,,
218,Fabaceae,194,Fordia,splendidissima,NO BC,,
219,Fabaceae,194,Intsia,palembanica,X,,
220,Fabaceae,194,Intsia,unknown mixed,X,,
221,Fabaceae,194,Saraca,declinata,X,,
222,Fabaceae,194,Crudia,reticulata,X,,
223,Fabaceae,194,Crudia,tenuipes,X,,
224,Fabaceae,194,Cynometra,elmeri,X,,
225,Fabaceae,194,Cynometra,mirabilis,X,,
226,Fabaceae,194,Dialium,indum,X,,
227,Fabaceae,194,Dialium,unknown mixed,X,,
228,Fabaceae,194,Koompassia,excelsa,X,,
229,Fabaceae,194,Peltophorum,racemosum,X,,
230,Fabaceae,194,Sindora,irpicina,X,,
231,Fabaceae,194,Adenanthera,kostermansii,X,,
232,Fabaceae,194,Adenanthera,malayana,X,,
233,Fabaceae,194,Archidendron,microcarpum,X,,
234,Fabaceae,194,Archidendron,unknown mixed,X,,
235,Fabaceae,194,Parkia,speciosa,X,,
236,Fabaceae,194,Ormosia,bancana,X,,
480,Polygalaceae,196,Xanthophyllum,adenotus,X,,
481,Polygalaceae,196,Xanthophyllum,affine,X,,
482,Polygalaceae,196,Xanthophyllum,flavescens,X2 NO BC,,
483,Polygalaceae,196,Xanthophyllum,pachycarpon,X,,
484,Polygalaceae,196,Xanthophyllum,reticulatum,X,,
485,Polygalaceae,196,Xanthophyllum,species 1,X,,
486,Polygalaceae,196,Xanthophyllum,species 2,X,,
487,Polygalaceae,196,Xanthophyllum,species 3,X,,
488,Polygalaceae,196,Xanthophyllum,species 4,X,,
489,Polygalaceae,196,Xanthophyllum,species 5,X,,
490,Polygalaceae,196,Xanthophyllum,species 6,X,,
491,Polygalaceae,196,Xanthophyllum,species 7,X,,
492,Polygalaceae,196,Xanthophyllum,vitellinum,X,,
503,Rhamnaceae,199,Ziziphus,angustifolius,X,,
88,Cannabaceae,203,Gironniera,nervosa,X,NO FAM,
89,Cannabaceae,203,Gironniera,species 1,X,,
684,Urticaceae,205,Dendrocnide,elliptica,X,,
685,Urticaceae,205,Dendrocnide,stimulans,X,,
686,Urticaceae,205,Dendrocnide,unknown mixed,X,,
687,Urticaceae,205,Oreocnide,trinervis,X,,
31,Anisophylleaceae,206,Anisophyllea,beccariana,E00304742,,
32,Anisophylleaceae,206,Anisophyllea,cornerii,NO BC ,,
594,Tetramelaceae,210,Octomeles,sumatrana,X,NO FAM,
237,Fagaceae,214,Castanopsis,hypophoenicea,X,,
238,Fagaceae,214,Castanopsis,unknown mixed,X,,
239,Fagaceae,214,Lithocarpus,ewyckii,X,,
240,Fagaceae,214,Lithocarpus,gracilis,NO BC,,
241,Fagaceae,214,Lithocarpus,leptogyne,,,
242,Fagaceae,214,Lithocarpus,nieuwenhuisii,E00283610,,
243,Fagaceae,214,Lithocarpus,species 1,,,
244,Fagaceae,214,Lithocarpus,species 2,,,
245,Fagaceae,214,Lithocarpus,species 3,,,
246,Fagaceae,214,Lithocarpus,species 4,,,
247,Fagaceae,214,Lithocarpus,species 5,,,
248,Fagaceae,214,Lithocarpus,species 6,,,
249,Fagaceae,214,Lithocarpus,species 7,,,
250,Fagaceae,214,Lithocarpus,species 8,,,
251,Fagaceae,214,Lithocarpus,species 9,,,
252,Fagaceae,214,Quercus,argentata,X,,
253,Fagaceae,214,Quercus,unknown mixed,,,
257,Juglandaceae,217,Engelhardia,danumensis,X,,
93,Celastraceae,225,Bhesa,paniculata,E00146488,,
94,Celastraceae,225,Kokoona,ochracea,,,
95,Celastraceae,225,Lophopetalum,beccarianum,,,
96,Celastraceae,225,Lophopetalum,javanicum,,,
97,Celastraceae,225,Lophopetalum,unknown mixed,,,
184,Elaeocarpaceae,229,Elaeocarpus,brunnescens,,,
185,Elaeocarpaceae,229,Elaeocarpus,stipularis,,,
186,Elaeocarpaceae,229,Elaeocarpus,unknown mixed,,,
187,Elaeocarpaceae,229,Sloanea,javanica,,,
188,Erythropalaceae,318,Scorodocarpus,borneensis,NO BC,OLACACEA,
450,Pandaceae,234,Galearia,fulva,NO GENUS,,
504,Rhizophoraceae,235,Carallia,borneensis,X,,
505,Rhizophoraceae,235,Carallia,species 1,X,,
190,Erythroxylaceae,236,Erythroxylum,cuneatum,X,,
191,Euphorbiaceae,237,Blumeodendron,kurzii,E00295357,,
192,Euphorbiaceae,237,Blumeodendron,tokbrai,E00160419,,
193,Euphorbiaceae,237,Croton,oblongus,,,
194,Euphorbiaceae,237,Croton,unknown mixed,,,
195,Euphorbiaceae,237,Dimorphocalyx,murinus,,,
196,Euphorbiaceae,237,Endospermum,diadenum,,,
197,Euphorbiaceae,237,Hancea,penangensis,H EURPHORBIA NO LABEL,,
198,Euphorbiaceae,237,Koilodepas,laevigatum,,,
199,Euphorbiaceae,237,Koilodepas,longifolium,E00196547,,
200,Euphorbiaceae,237,Macaranga,hypoleuca,,,
201,Euphorbiaceae,237,Macaranga,pearsonii,,,
202,Euphorbiaceae,237,Macaranga,winkleri,,,
203,Euphorbiaceae,237,Mallotus,korthalsii,,,
204,Euphorbiaceae,237,Mallotus,lackeyi,,,
205,Euphorbiaceae,237,Mallotus,miquelianus,,,
206,Euphorbiaceae,237,Mallotus,species 1,,,
207,Euphorbiaceae,237,Mallotus,unknown mixed,,,
208,Euphorbiaceae,237,Mallotus,wrayi,,,
209,Euphorbiaceae,237,Neoscortechinia,kingii,,,
210,Euphorbiaceae,237,Ptychopyxis,arborea,,,
211,Euphorbiaceae,237,Spathiostemon,javensis,,,
212,Euphorbiaceae,237,Spathiostemon,javensis,,,
213,Euphorbiaceae,237,Suregada,multiflora,,,
451,Phyllanthaceae,241,Antidesma,leucopodum,E00196804,,
452,Phyllanthaceae,241,Antidesma,neurocarpum,,,
453,Phyllanthaceae,241,Antidesma,tomentosum,,,
454,Phyllanthaceae,241,Antidesma,unknown mixed,,,
455,Phyllanthaceae,241,Baccaurea,edulis,,,
456,Phyllanthaceae,241,Baccaurea,lanceolata,NO BC X2,,
457,Phyllanthaceae,241,Baccaurea,macrocarpa,"E00171361,E00646665",1 NO BC,
458,Phyllanthaceae,241,Baccaurea,parviflora,E00146495,,
459,Phyllanthaceae,241,Baccaurea,species 1,,,
460,Phyllanthaceae,241,Baccaurea,tetrandra,,,
461,Phyllanthaceae,241,Baccaurea,unknown mixed,,,
462,Phyllanthaceae,241,Bridelia,,,,
463,Phyllanthaceae,241,Bridelia,griffithii,,,
464,Phyllanthaceae,241,Bridelia,penangensis,,,
465,Phyllanthaceae,241,Cleistanthus,hirsutulus,,,
466,Phyllanthaceae,241,Cleistanthus,podopixys,,,
467,Phyllanthaceae,241,Cleistanthus,species 2,,,
468,Phyllanthaceae,241,Cleistanthus,unknown mixed,,,
469,Phyllanthaceae,241,Glochidion,borneensis,,,
470,Phyllanthaceae,241,Glochidion,elmari,,,
471,Phyllanthaceae,241,Glochidion,lanceisepalum,,,
472,Phyllanthaceae,241,Glochidion,pubicapsa,,,
473,Phyllanthaceae,241,Glochidion,rubrum,,,
474,Phyllanthaceae,241,Glochidion,species 1,,,
475,Phyllanthaceae,241,Glochidion,species 2,,,
476,Phyllanthaceae,241,Glochidion,species 3,,,
477,Phyllanthaceae,241,Glochidion,species 4,,,
478,Phyllanthaceae,241,Glochidion,species 6,,,
479,Phyllanthaceae,241,Glochidion,unknown mixed,,,
98,Chrysobalanaceae,251,Licania,splendens,,,
99,Chrysobalanaceae,251,Maranthes,corymbosa,,,
100,Chrysobalanaceae,251,Parastemon,urophyllus,,,
101,Chrysobalanaceae,251,Parinari,excelsa,E00886248,,
102,Chrysobalanaceae,251,Parinari,oblongifolia,,,
103,Chrysobalanaceae,251,Parinari,unknown mixed,,,
256,Irvingiaceae,254,Irvingia,malayana,NO GENUS,,
104,Clusiaceae,257,Calophyllum,blancoi,,,
105,Clusiaceae,257,Calophyllum,gracilipes,,,
106,Clusiaceae,257,Calophyllum,pulcherrimum,"E00321130,",,
107,Clusiaceae,257,Calophyllum,soulattri,NO BC,,
108,Clusiaceae,257,Calophyllum,species 1,,,
109,Clusiaceae,257,Calophyllum,species 2,,,
110,Clusiaceae,257,Calophyllum,venulosum,,,
111,Clusiaceae,257,Cratoxylum,cochinchinense,,,
112,Clusiaceae,257,Garcinia,andersonii,,,
113,Clusiaceae,257,Garcinia,forbesii,,,
114,Clusiaceae,257,Garcinia,gaudichaudii,,,
115,Clusiaceae,257,Garcinia,parvifolia,,,
116,Clusiaceae,257,Kayea,oblongifolia,,,
117,Clusiaceae,257,Mesua,borneensis,E01208751,? IN NAME,
118,Clusiaceae,257,Mesua,macrantha,NO BC,,
119,Clusiaceae,257,Mesua,unknown mixed,,,
497,Putranjivaceae,262,Drypetes,castilloi,NO GENUS,,
498,Putranjivaceae,262,Drypetes,eriocarpa,,,
499,Putranjivaceae,262,Drypetes,longifolia,,,
500,Putranjivaceae,262,Drypetes,subcrenata,,,
501,Putranjivaceae,262,Drypetes,unknown mixed,,,
502,Putranjivaceae,262,Putranjiva,roxburghii,,,
688,Violaceae,263,Rinorea,bengalensis,X,,
689,Violaceae,263,Rinorea,congesta,X,,
690,Violaceae,263,Rinorea,unknown,X,,
1,Achariaceae,265,Hydnocarpus,anomalus,NO GENUS,,
593,Tapisciaceae,274,Turpinia,sphaerocarpa,,,
90,Capparaceae,290,Crateva,magna,,,
80,Burseraceae,297,Dacryodes,laxa,E00045734,,
81,Burseraceae,297,Dacryodes,rostrata,,,
82,Burseraceae,297,Dacryodes,rugosa,,,
83,Burseraceae,297,Dacryodes,species 1,,,
84,Burseraceae,297,Santiria,laevigata,,,
85,Burseraceae,297,Santiria,species 1,,,
86,Burseraceae,297,Santiria,tomentosa,,,
87,Burseraceae,297,Triomma,malaccensis,,,
13,Anacardiaceae,298,Buchanania,arborescens,,,
14,Anacardiaceae,298,Buchanania,sessilifolia,,,
15,Anacardiaceae,298,Buchanania,unknown mixed,,,
16,Anacardiaceae,298,Dracontomelon,costatum,,,
17,Anacardiaceae,298,Dracontomelon,dao,X1NO BC,,
18,Anacardiaceae,298,Dracontomelon,unknown mixed,,,
19,Anacardiaceae,298,Mangifera,foetida,,,
20,Anacardiaceae,298,Mangifera,indica,X3 NO BC,mango,
21,Anacardiaceae,298,Mangifera,odorata,,,
22,Anacardiaceae,298,Mangifera,pajang,,,
23,Anacardiaceae,298,Mangifera,rufocostata,,,
24,Anacardiaceae,298,Mangifera,species 1,,,
25,Anacardiaceae,298,Mangifera,swintonioides,,,
26,Anacardiaceae,298,Mangifera,unknown mixed,,,
27,Anacardiaceae,298,Melanochyla,auriculata,,,
28,Anacardiaceae,298,Melanochyla,beccariana,,,
29,Anacardiaceae,298,Melanochyla,unknown mixed,,,
30,Anacardiaceae,298,Semecarpus,bunburyana,,,
553,Sapindaceae,299,Allophylus,cobbe,NO BC,,
554,Sapindaceae,299,Dimocarpus,dentatus,NO BCC,,
555,Sapindaceae,299,Dimocarpus,fumatus,,,
556,Sapindaceae,299,Dimocarpus,longan,E00194401 +1 NO BC,LONGAN FRUIT?,
557,Sapindaceae,299,Guioa,pleuropteris,,,
558,Sapindaceae,299,Harpullia,arborea,,,
559,Sapindaceae,299,Harpullia,species 1,,,
560,Sapindaceae,299,Lepisanthes,fruticosa,,,
561,Sapindaceae,299,Lepisanthes,senegalensis,,,
562,Sapindaceae,299,Lepisanthes,tetraphylla,"E00607696,E00428178",,
563,Sapindaceae,299,Lepisanthes,unknown mixed,,,
564,Sapindaceae,299,Mischocarpus,pentapetalus,,,
565,Sapindaceae,299,Nephelium,cuspidatum,E00233960,,
566,Sapindaceae,299,Nephelium,maingayi,,,
567,Sapindaceae,299,Nephelium,ramboutan-ake,"X1 NO BC, E00163125,E00639757",RAMBTAN FRUIT,
568,Sapindaceae,299,Paranephelium,macrophyllum,,,
569,Sapindaceae,299,Paranephelium,xestophyllum,,,
570,Sapindaceae,299,Pometia,pinnata,NO BCC X2,,
585,Simaroubaceae,301,Eurycoma,longifolia,X,,
351,Meliaceae,302,Aglaia,angustifolia,,,
352,Meliaceae,302,Aglaia,argentea,E00206434,,
353,Meliaceae,302,Aglaia,crassinervia,,,
354,Meliaceae,302,Aglaia,edulis,"E00206455,E00161860",,
355,Meliaceae,302,Aglaia,elliptica,1NO BC,,
356,Meliaceae,302,Aglaia,grandis,,,
357,Meliaceae,302,Aglaia,luzoniensis,,,
358,Meliaceae,302,Aglaia,macrocarpa,E00160417,,
359,Meliaceae,302,Aglaia,odoratissima,E00167292,,
360,Meliaceae,302,Aglaia,oligophylla,E00071580,,
361,Meliaceae,302,Aglaia,silvestris,,,
362,Meliaceae,302,Aglaia,spectabilis,E00206458,,
363,Meliaceae,302,Aglaia,tomentosa,,,
364,Meliaceae,302,Aglaia,unknown mixed,,,
365,Meliaceae,302,Aphanamixis,borneensis,,,
366,Meliaceae,302,Aphanamixis,unknown mixed,,,
367,Meliaceae,302,Azadirachta,excelsa,,,
368,Meliaceae,302,Chisocheton,ceramicus,,,
369,Meliaceae,302,Chisocheton,macranthus,E00086426,,
370,Meliaceae,302,Chisocheton,patens,,,
371,Meliaceae,302,Chisocheton,pentandrus,,,
372,Meliaceae,302,Chisocheton,polyandrus,,,
373,Meliaceae,302,Chisocheton,sarawakensis,,,
374,Meliaceae,302,Chisocheton,unknown mixed,,,
375,Meliaceae,302,Dysoxylum,alliaceum,,,
376,Meliaceae,302,Dysoxylum,arborescens,E00684186,,
377,Meliaceae,302,Dysoxylum,cauliflorum,NO BC X3,,
378,Meliaceae,302,Dysoxylum,cyrtobotryum,E00046814,,
379,Meliaceae,302,Dysoxylum,excelsum,NO BC,,
380,Meliaceae,302,Dysoxylum,gaudichaudianum,,,
381,Meliaceae,302,Dysoxylum,grande,,,
382,Meliaceae,302,Dysoxylum,oppositifolium,,,
383,Meliaceae,302,Dysoxylum,parasiticum,,,
384,Meliaceae,302,Dysoxylum,rigidum,,,
385,Meliaceae,302,Dysoxylum,unknown mixed,,,
386,Meliaceae,302,Lansium,domesticum,,,
387,Meliaceae,302,Reinwardtiodendron,humile,,,
388,Meliaceae,302,Walsura,pachycaulon,"1 NO BC,,E00046824",,
389,Meliaceae,302,Walsura,pinnata,E00046812,,
390,Meliaceae,302,Walsura,species 1,,,
391,Monimiaceae,29,Kibara,obtusa,X,,
392,Moraceae,204,Antiaris,toxicaria,NO BC ,,
393,Moraceae,204,Artocarpus,anisophyllus,,,
394,Moraceae,204,Ficus,beccarii,,,
395,Moraceae,204,Ficus,lepicarpa,,,
396,Moraceae,204,Ficus,mixed,,,
397,Moraceae,204,Ficus,obscura,,,
398,Moraceae,204,Ficus,sinuata,,,
399,Moraceae,204,Ficus,species 1,,,
400,Moraceae,204,Ficus,species 2,,,
401,Moraceae,204,Ficus,species 3,,,
402,Moraceae,204,Ficus,species 4,,,
403,Moraceae,204,Ficus,species 5,,,
404,Moraceae,204,Ficus,species 6,,,
405,Moraceae,204,Ficus,species 7,,,
406,Moraceae,204,Ficus,species 8,,,
407,Moraceae,204,Ficus,stolonifera,,,
408,Moraceae,204,Ficus,variegata,NO BC X2,,
409,Moraceae,204,Prainea,limpato,E00898570,,
410,Moraceae,204,Streblus,glaber,,,
540,Rutaceae,303,Clausena,excavata,X,,
541,Rutaceae,303,Clausena,unknown,X,,
542,Rutaceae,303,Glycosmis,chlorosperma,X,,
543,Rutaceae,303,Glycosmis,macrantha,X,,
544,Rutaceae,303,Glycosmis,unknown mixed,X,,
545,Rutaceae,303,Merope,angulata,X,,
546,Rutaceae,303,Monanthocitrus,oblanceolata,X,,
320,Malvaceae,307,Brownlowia,stipulata,X1 NO BC,,
321,Malvaceae,307,Coelostegia,borneensis,X,,
322,Malvaceae,307,Durio,graveolens,X,,
323,Malvaceae,307,Durio,unknown mixed,X,,
324,Malvaceae,307,Heritiera,elata,X,,
325,Malvaceae,307,Microcos,antidesmifolia,X,,
326,Malvaceae,307,Microcos,crassifolia,X,,
327,Malvaceae,307,Microcos,fibrocarpa,X,,
328,Malvaceae,307,Microcos,latistipulata,X,,
329,Malvaceae,307,Microcos,ossea,X,,
330,Malvaceae,307,Microcos,unknown mixed,X,,
331,Malvaceae,307,Neesia,synandra,X,,
332,Malvaceae,307,Pentace,adenophora,X,,
333,Malvaceae,307,Pentace,laxiflora,,,
334,Malvaceae,307,Pterospermum,javanicum,,,
335,Malvaceae,307,Pterospermum,subpeltatum,,,
336,Malvaceae,307,Scaphium,macropodum,,,
337,Malvaceae,307,Sterculia,coccinia,,,
338,Malvaceae,307,Sterculia,cordata,,,
339,Malvaceae,307,Sterculia,rubiginosa,E00057022,,
340,Malvaceae,307,Sterculia,stipulata,"E00114368,E00166691",,
341,Malvaceae,307,Sterculia,unknown mixed,,,
596,Thymelaeaceae,312,Aquilaria,beccariana,,,
597,Thymelaeaceae,312,Gonystylus,keithii,,,
131,Dipterocarpaceae,316,Anisoptera,costata,E00166684,?4.1,?4.2
132,Dipterocarpaceae,316,Dryobalanops,lanceolata,N,,
133,Dipterocarpaceae,316,Hopea,ferruginea,,,
134,Dipterocarpaceae,316,Hopea,nervosa,,,
135,Dipterocarpaceae,316,Hopea,pentanervia,,,
136,Dipterocarpaceae,316,Hopea,plagata,Y NO CODE,Y BUT PLAYATA,
137,Dipterocarpaceae,316,Hopea,sangal,,,
138,Dipterocarpaceae,316,Hopea,unknown mixed,,,
139,Dipterocarpaceae,316,Parashorea,malaanonan,NO CODE,,
140,Dipterocarpaceae,316,Parashorea,tomentella,"E00056481,E00172986,E00098408",,
141,Dipterocarpaceae,316,Shorea,agamii,3X NO BC,,
142,Dipterocarpaceae,316,Shorea,argentifolia,X,,
143,Dipterocarpaceae,316,Shorea,atrinervosa,X,,
144,Dipterocarpaceae,316,Shorea,faguetiana,X,,
145,Dipterocarpaceae,316,Shorea,gibbosa,X,,
146,Dipterocarpaceae,316,Shorea,johorensis,X,,
147,Dipterocarpaceae,316,Shorea,leprosula,E0079853,,
148,Dipterocarpaceae,316,Shorea,leptoderma,X,,
149,Dipterocarpaceae,316,Shorea,parvifolia,E0079854,,
150,Dipterocarpaceae,316,Shorea,pauciflora,X,,
151,Dipterocarpaceae,316,Shorea,seminis,E00166908,,
152,Dipterocarpaceae,316,Shorea,superba,,,
153,Dipterocarpaceae,316,Shorea,symingtonii,,,
154,Dipterocarpaceae,316,Shorea,unknown mixed,,,
155,Dipterocarpaceae,316,Vatica,albiramis,,,
156,Dipterocarpaceae,316,Vatica,chartacea,,,
157,Dipterocarpaceae,316,Vatica,oblongifolia,"E00059540,E00172985,E00071818,E00056480,E00176370,E00160442",818/SUBCAUDATAARTA?,
158,Dipterocarpaceae,316,Vatica,sarawakensis,E00029084,,
159,Dipterocarpaceae,316,Vatica,umbonata,E00098410,5X NO BC,
445,Olacaceae,318,Ochanostachys,amentacea,X2 NO BC,,
189,Erythropalaceae,318,Strombosia,ceylanica,,,
128,Dilleniaceae,325,Dillenia,borneensis,X,,
129,Dilleniaceae,325,Dillenia,excelsa,X,,
130,Dilleniaceae,325,Dillenia,species 1,X,,
126,Cornaceae,361,Alangium,javanicum,,,
443,Nyssaceae,364,Mastixia,trichotoma,x,,
444,Nyssaceae,364,Nyssa,javanica,X,,
309,Lecythidaceae,373,Barringtonia,lanceolata,X,,
310,Lecythidaceae,373,Barringtonia,macrostachya,X,,
311,Lecythidaceae,373,Barringtonia,unknown mixed,X,,
312,Lecythidaceae,373,Planchonia,brevistipitata,X,,
313,Lecythidaceae,373,Planchonia,unknown,X,,
314,Lecythidaceae,373,Planchonia,valida,X,,
571,Sapotaceae,377,Madhuca,elmeri,X,,
572,Sapotaceae,377,Madhuca,kingiana,E00416366,,
573,Sapotaceae,377,Madhuca,korthalsii,X,,
574,Sapotaceae,377,Madhuca,kunstleri,X,,
575,Sapotaceae,377,Madhuca,mindanaensis,X,,
576,Sapotaceae,377,Madhuca,unknown mixed,X,,
577,Sapotaceae,377,Palaquium,beccarianum,X,,
578,Sapotaceae,377,Palaquium,dasyphyllum,X,,
579,Sapotaceae,377,Palaquium,maingayi,X,,
580,Sapotaceae,377,Palaquium,sericeum,X,,
581,Sapotaceae,377,Palaquium,unknown mixed,X,,
582,Sapotaceae,377,Payena,acuminata,X,,
583,Sapotaceae,377,Payena,microphylla,X,,
584,Sapotaceae,377,Payena,Unknown species1,X,,
160,Ebenaceae,378,Diospyros,andamanica,X,,
161,Ebenaceae,378,Diospyros,borneensis,"E00034068,E00059409,E00348704,E00044660",X1 NO BC,
162,Ebenaceae,378,Diospyros,cauliflora,"E00181537,E00059422",,
163,Ebenaceae,378,Diospyros,curranii,X,,
164,Ebenaceae,378,Diospyros,daemona,X,,
165,Ebenaceae,378,Diospyros,dictyoneura,NO BC,,
166,Ebenaceae,378,Diospyros,diepenhorstii,X,,
167,Ebenaceae,378,Diospyros,elliptifolia,E00256533,X1 NO BC,
168,Ebenaceae,378,Diospyros,euphlebia,X,,
169,Ebenaceae,378,Diospyros,frutescens,NO CODE,,
170,Ebenaceae,378,Diospyros,macrophylla,E00973671,,
171,Ebenaceae,378,Diospyros,muricata,X,,
172,Ebenaceae,378,Diospyros,pilosanthera,X,,
173,Ebenaceae,378,Diospyros,pyrrhocarpa,X,,
174,Ebenaceae,378,Diospyros,species 1,X,,
175,Ebenaceae,378,Diospyros,species 2,X,,
176,Ebenaceae,378,Diospyros,species 3,X,,
177,Ebenaceae,378,Diospyros,species 4,X,,
178,Ebenaceae,378,Diospyros,species 6,X,,
179,Ebenaceae,378,Diospyros,species 7,X,,
180,Ebenaceae,378,Diospyros,squamaefolia,X,,
181,Ebenaceae,378,Diospyros,toposia,X,,
182,Ebenaceae,378,Diospyros,tuberculata,X,,
183,Ebenaceae,378,Diospyros,wallichii,"E00351586,E00304291,E00144653,E00134370,E00428908","X2 NO CODE,THAI",
595,Theaceae,383,Pyrenaria,acuminata,X,,
591,Symplocaceae,384,Symplocos,fasciculata,X,,
592,Symplocaceae,384,Symplocos,odoratissima,X,,
2,Achariaceae,389,Hydnocarpus,borneensis,NONE IN GENERA,,
3,Achariaceae,389,Hydnocarpus,polypetalus,X,,
4,Achariaceae,389,Hydnocarpus,unknown mixed,X,,
5,Achariaceae,389,Pangium,edule,X,,
6,Achariaceae,389,Ryparosa,acuminata,X,,
7,Achariaceae,389,Ryparosa,hullettii,X,,
8,Achariaceae,389,Ryparosa,unknown mixed,X,,
9,Actinidiaceae,389,Saurauia,agamae,X,,
10,Actinidiaceae,389,Saurauia,sp,X,,
11,Actinidiaceae,389,Saurauia,sp,X,,
12,Actinidiaceae,389,Saurauia,unknown mixed,X,,
506,Rubiaceae,401,Acranthera,multiflora,X,,
507,Rubiaceae,401,Acranthera,velutinervia,X,,
508,Rubiaceae,401,Cowiea,borneensis,X,,
509,Rubiaceae,401,Diplospora,malaccensis,X,,
510,Rubiaceae,401,Diplospora,unknown mixed,X,,
511,Rubiaceae,401,Gardenia,carinata,X,,
512,Rubiaceae,401,Ixora,blumei,X,,
513,Rubiaceae,401,Ixora,brevicaudata,X,,
514,Rubiaceae,401,Ixora,grandifolia,X,,
515,Rubiaceae,401,Ixora,unknown mixed,X,,
516,Rubiaceae,401,Lasianthus,borneensis,X,,
517,Rubiaceae,401,Lasianthus,maingayi,X,,
518,Rubiaceae,401,Lasianthus,species 1,X,,
519,Rubiaceae,401,Lasianthus,species 2,X,,
520,Rubiaceae,401,Lasianthus,species 3,X,,
521,Rubiaceae,401,Lasianthus,unknown mixed,X,,
522,Rubiaceae,401,Ludekia,borneensis,X,,
523,Rubiaceae,401,Myrmeconauclea,strigosa,X,,
524,Rubiaceae,401,Nauclea,unknown mixed,X,,
525,Rubiaceae,401,Neolamarckia,cadamba,X,,
526,Rubiaceae,401,Pavetta,wallichiana,X,,
527,Rubiaceae,401,Pleiocarpidia,sandakanica,X,,
528,Rubiaceae,401,Praravinia,suberosa,X,,
529,Rubiaceae,401,Praravinia,unknown mixed,X,,
530,Rubiaceae,401,Praravinia,verruculosa,X,,
531,Rubiaceae,401,Prismatomeris,beccariana,X,,
532,Rubiaceae,401,Prismatomeris,species 1,X,,
533,Rubiaceae,401,Psychotria,species 1,X,,
534,Rubiaceae,401,Psychotria,species 2,X,,
535,Rubiaceae,401,Psydrax,dicoccus,X,,
536,Rubiaceae,401,Rennellia,borneensis,X,,
537,Rubiaceae,401,Rothmannia,pseudoternisfolia,X,,
538,Rubiaceae,401,Timonius,lasianthoides,X,,
539,Rubiaceae,401,Timonius,wallichianus,X,,
254,Gentianaceae,402,Fagraea,cuspidata,X,,
255,Gentianaceae,402,Fagraea,unknown mixed,X,,
74,Apocynaceae,405,Alstonia,angustifolia,,,
75,Apocynaceae,405,Alstonia,iwagighensis,,,
76,Apocynaceae,405,Kopsia,pauciflora,,,
77,Apocynaceae,405,Tabernaemontana,macrocarpa,"NO BC,E00220033",,
78,Apocynaceae,405,Tabernaemontana,pauciflora,,,
79,Apocynaceae,405,Tabernaemontana,unknown mixed,,,
125,Convolvulaceae,408,Erycibe,borneensis,X,,
446,Oleaceae,414,Chionanthus,curvicarpus,X,,
447,Oleaceae,414,Chionanthus,macrocarpus,E00416683,,
448,Oleaceae,414,Chionanthus,pluriflorus,X,,
449,Oleaceae,414,Chionanthus,unknown mixed,X,,
258,Lamiaceae,424,Callicarpa,longifolia,,,
259,Lamiaceae,424,Callicarpa,pentandra,,,
260,Lamiaceae,424,Teijsmanniodendron,bogoriense,,,
261,Lamiaceae,424,Vitex,pinnata,,,
586,Stemonuraceae,435,Gomphandra,quadrifida,X,,
587,Stemonuraceae,435,Stemonurus,grandifolius,X,,
588,Stemonuraceae,435,Stemonurus,malaccensis,X,,
589,Stemonuraceae,435,Stemonurus,scorpiodes,X,,
590,Stemonuraceae,435,Stemonurus,unknown mixed,X,,
91,Cardiopteridaceae,436,Gonocaryum,calleryanum,X,,
92,Cardiopteridaceae,436,Gonocaryum,macrophyllum,E00274534,,
493,Polyosmaceae,458,Polyosma,integrifolia,X,,
No.,Family,Herbarium no.,Genus,Species,Subspecies,,
