station,latco,longco,surveyed,tree_number,diameter_mm,height_m,species_code,family,genus,species,fgeocode,genusCorr,speciesCorr,wooddensity
100,548164,598369,2016,437,277,23.3,Dipterocarpaceae_Shorea_gibbosa,Dipterocarpaceae,Shorea,gibbosa,NA,Shorea,gibbosa,0.455
113,548240,598544,2016,816,346,28.8,Dipterocarpaceae_Shorea_gibbosa,Dipterocarpaceae,Shorea,gibbosa,NA,Shorea,gibbosa,0.455
114,548240,598544,2016,816,346,28.8,Dipterocarpaceae_Shorea_gibbosa,Dipterocarpaceae,Shorea,gibbosa,NA,Shorea,gibbosa,0.455
115,548164,598369,2016,437,277,23.3,Dipterocarpaceae_Shorea_gibbosa,Dipterocarpaceae,Shorea,gibbosa,NA,Shorea,gibbosa,0.455
116,548164,598369,2016,437,277,23.3,Dipterocarpaceae_Shorea_gibbosa,Dipterocarpaceae,Shorea,gibbosa,NA,Shorea,gibbosa,0.455
125,548633,594907,2016,4360,289,26.9,Dipterocarpaceae_Shorea_gibbosa,Dipterocarpaceae,Shorea,gibbosa,NA,Shorea,gibbosa,0.455
126,548633,594907,2016,4360,289,26.9,Dipterocarpaceae_Shorea_gibbosa,Dipterocarpaceae,Shorea,gibbosa,NA,Shorea,gibbosa,0.455
127,548633,594907,2016,4360,289,26.9,Dipterocarpaceae_Shorea_gibbosa,Dipterocarpaceae,Shorea,gibbosa,NA,Shorea,gibbosa,0.455
128,548633,594907,2016,4360,289,26.9,Dipterocarpaceae_Shorea_gibbosa,Dipterocarpaceae,Shorea,gibbosa,NA,Shorea,gibbosa,0.455
174,543207,590209,2016,9600,221,10.8,Dipterocarpaceae_Shorea_gibbosa,Dipterocarpaceae,Shorea,gibbosa,NA,Shorea,gibbosa,0.455
175,543207,590209,2016,9600,221,10.8,Dipterocarpaceae_Shorea_gibbosa,Dipterocarpaceae,Shorea,gibbosa,NA,Shorea,gibbosa,0.455
176,543207,590209,2016,9600,221,10.8,Dipterocarpaceae_Shorea_gibbosa,Dipterocarpaceae,Shorea,gibbosa,NA,Shorea,gibbosa,0.455
177,543207,590209,2016,9600,221,10.8,Dipterocarpaceae_Shorea_gibbosa,Dipterocarpaceae,Shorea,gibbosa,NA,Shorea,gibbosa,0.455
197,548164,598369,2016,437,277,23.3,Dipterocarpaceae_Shorea_gibbosa,Dipterocarpaceae,Shorea,gibbosa,NA,Shorea,gibbosa,0.455
198,548240,598544,2016,816,346,28.8,Dipterocarpaceae_Shorea_gibbosa,Dipterocarpaceae,Shorea,gibbosa,NA,Shorea,gibbosa,0.455
199,548240,598544,2016,816,346,28.8,Dipterocarpaceae_Shorea_gibbosa,Dipterocarpaceae,Shorea,gibbosa,NA,Shorea,gibbosa,0.455
92,545793,596622,2016,3406,814,36.6,Dipterocarpaceae_Shorea_gibbosa,Dipterocarpaceae,Shorea,gibbosa,NA,Shorea,gibbosa,0.455
93,545793,596622,2016,3406,814,36.6,Dipterocarpaceae_Shorea_gibbosa,Dipterocarpaceae,Shorea,gibbosa,NA,Shorea,gibbosa,0.455
94,543049,595110,2016,1541,207,19.3,Dipterocarpaceae_Shorea_gibbosa,Dipterocarpaceae,Shorea,gibbosa,NA,Shorea,gibbosa,0.455
95,543049,595110,2016,1541,207,19.3,Dipterocarpaceae_Shorea_gibbosa,Dipterocarpaceae,Shorea,gibbosa,NA,Shorea,gibbosa,0.455
96,543049,595110,2016,1541,207,19.3,Dipterocarpaceae_Shorea_gibbosa,Dipterocarpaceae,Shorea,gibbosa,NA,Shorea,gibbosa,0.455
97,543049,595110,2016,1541,207,19.3,Dipterocarpaceae_Shorea_gibbosa,Dipterocarpaceae,Shorea,gibbosa,NA,Shorea,gibbosa,0.455
98,545793,596622,2016,3406,814,36.6,Dipterocarpaceae_Shorea_gibbosa,Dipterocarpaceae,Shorea,gibbosa,NA,Shorea,gibbosa,0.455
99,545793,596622,2016,3406,814,36.6,Dipterocarpaceae_Shorea_gibbosa,Dipterocarpaceae,Shorea,gibbosa,NA,Shorea,gibbosa,0.455
100,548164,598369,2016,439,259,19.6,Dipterocarpaceae_Parashorea_malaanonan,Dipterocarpaceae,Parashorea,malaanonan,NA,Parashorea,malaanonan,0.415
100,548164,598369,2016,440,211,18.6,Dipterocarpaceae_Parashorea_malaanonan,Dipterocarpaceae,Parashorea,malaanonan,NA,Parashorea,malaanonan,0.415
115,548164,598369,2016,439,259,19.6,Dipterocarpaceae_Parashorea_malaanonan,Dipterocarpaceae,Parashorea,malaanonan,NA,Parashorea,malaanonan,0.415
115,548164,598369,2016,440,211,18.6,Dipterocarpaceae_Parashorea_malaanonan,Dipterocarpaceae,Parashorea,malaanonan,NA,Parashorea,malaanonan,0.415
116,548164,598369,2016,439,259,19.6,Dipterocarpaceae_Parashorea_malaanonan,Dipterocarpaceae,Parashorea,malaanonan,NA,Parashorea,malaanonan,0.415
116,548164,598369,2016,440,211,18.6,Dipterocarpaceae_Parashorea_malaanonan,Dipterocarpaceae,Parashorea,malaanonan,NA,Parashorea,malaanonan,0.415
121,550427,596926,2016,95,876,59.5,Dipterocarpaceae_Parashorea_malaanonan,Dipterocarpaceae,Parashorea,malaanonan,NA,Parashorea,malaanonan,0.415
122,550427,596926,2016,95,876,59.5,Dipterocarpaceae_Parashorea_malaanonan,Dipterocarpaceae,Parashorea,malaanonan,NA,Parashorea,malaanonan,0.415
123,550427,596926,2016,95,876,59.5,Dipterocarpaceae_Parashorea_malaanonan,Dipterocarpaceae,Parashorea,malaanonan,NA,Parashorea,malaanonan,0.415
124,550427,596926,2016,95,876,59.5,Dipterocarpaceae_Parashorea_malaanonan,Dipterocarpaceae,Parashorea,malaanonan,NA,Parashorea,malaanonan,0.415
158,543050,588838,2016,8791,870,30.3,Dipterocarpaceae_Parashorea_malaanonan,Dipterocarpaceae,Parashorea,malaanonan,NA,Parashorea,malaanonan,0.415
158,543050,588838,2016,8793,700,36.6,Dipterocarpaceae_Parashorea_malaanonan,Dipterocarpaceae,Parashorea,malaanonan,NA,Parashorea,malaanonan,0.415
159,543050,588838,2016,8791,870,30.3,Dipterocarpaceae_Parashorea_malaanonan,Dipterocarpaceae,Parashorea,malaanonan,NA,Parashorea,malaanonan,0.415
159,543050,588838,2016,8793,700,36.6,Dipterocarpaceae_Parashorea_malaanonan,Dipterocarpaceae,Parashorea,malaanonan,NA,Parashorea,malaanonan,0.415
160,543050,588838,2016,8791,870,30.3,Dipterocarpaceae_Parashorea_malaanonan,Dipterocarpaceae,Parashorea,malaanonan,NA,Parashorea,malaanonan,0.415
160,543050,588838,2016,8793,700,36.6,Dipterocarpaceae_Parashorea_malaanonan,Dipterocarpaceae,Parashorea,malaanonan,NA,Parashorea,malaanonan,0.415
161,543050,588838,2016,8791,870,30.3,Dipterocarpaceae_Parashorea_malaanonan,Dipterocarpaceae,Parashorea,malaanonan,NA,Parashorea,malaanonan,0.415
161,543050,588838,2016,8793,700,36.6,Dipterocarpaceae_Parashorea_malaanonan,Dipterocarpaceae,Parashorea,malaanonan,NA,Parashorea,malaanonan,0.415
197,548164,598369,2016,439,259,19.6,Dipterocarpaceae_Parashorea_malaanonan,Dipterocarpaceae,Parashorea,malaanonan,NA,Parashorea,malaanonan,0.415
197,548164,598369,2016,440,211,18.6,Dipterocarpaceae_Parashorea_malaanonan,Dipterocarpaceae,Parashorea,malaanonan,NA,Parashorea,malaanonan,0.415
200,550343,590306,2016,5662,220,18,Dipterocarpaceae_Parashorea_malaanonan,Dipterocarpaceae,Parashorea,malaanonan,NA,Parashorea,malaanonan,0.415
201,550343,590306,2016,5662,220,18,Dipterocarpaceae_Parashorea_malaanonan,Dipterocarpaceae,Parashorea,malaanonan,NA,Parashorea,malaanonan,0.415
202,550343,590306,2016,5662,220,18,Dipterocarpaceae_Parashorea_malaanonan,Dipterocarpaceae,Parashorea,malaanonan,NA,Parashorea,malaanonan,0.415
203,550343,590306,2016,5662,220,18,Dipterocarpaceae_Parashorea_malaanonan,Dipterocarpaceae,Parashorea,malaanonan,NA,Parashorea,malaanonan,0.415
92,545793,596622,2016,3405,845,58.9,Dipterocarpaceae_Parashorea_malaanonan,Dipterocarpaceae,Parashorea,malaanonan,NA,Parashorea,malaanonan,0.415
93,545793,596622,2016,3405,845,58.9,Dipterocarpaceae_Parashorea_malaanonan,Dipterocarpaceae,Parashorea,malaanonan,NA,Parashorea,malaanonan,0.415
94,543049,595110,2016,1539,327,36,Dipterocarpaceae_Parashorea_malaanonan,Dipterocarpaceae,Parashorea,malaanonan,NA,Parashorea,malaanonan,0.415
95,543049,595110,2016,1539,327,36,Dipterocarpaceae_Parashorea_malaanonan,Dipterocarpaceae,Parashorea,malaanonan,NA,Parashorea,malaanonan,0.415
96,543049,595110,2016,1539,327,36,Dipterocarpaceae_Parashorea_malaanonan,Dipterocarpaceae,Parashorea,malaanonan,NA,Parashorea,malaanonan,0.415
97,543049,595110,2016,1539,327,36,Dipterocarpaceae_Parashorea_malaanonan,Dipterocarpaceae,Parashorea,malaanonan,NA,Parashorea,malaanonan,0.415
98,545793,596622,2016,3405,845,58.9,Dipterocarpaceae_Parashorea_malaanonan,Dipterocarpaceae,Parashorea,malaanonan,NA,Parashorea,malaanonan,0.415
99,545793,596622,2016,3405,845,58.9,Dipterocarpaceae_Parashorea_malaanonan,Dipterocarpaceae,Parashorea,malaanonan,NA,Parashorea,malaanonan,0.415
100,548164,598369,2016,444,239,14.1,Malvaceae_Pterospermum_javanicum,Malvaceae,Pterospermum,javanicum,NA,Pterospermum,javanicum,0.4
100,548164,598369,2016,445,332,26.2,Malvaceae_Pterospermum_javanicum,Malvaceae,Pterospermum,javanicum,NA,Pterospermum,javanicum,0.4
115,548164,598369,2016,444,239,14.1,Malvaceae_Pterospermum_javanicum,Malvaceae,Pterospermum,javanicum,NA,Pterospermum,javanicum,0.4
115,548164,598369,2016,445,332,26.2,Malvaceae_Pterospermum_javanicum,Malvaceae,Pterospermum,javanicum,NA,Pterospermum,javanicum,0.4
116,548164,598369,2016,444,239,14.1,Malvaceae_Pterospermum_javanicum,Malvaceae,Pterospermum,javanicum,NA,Pterospermum,javanicum,0.4
116,548164,598369,2016,445,332,26.2,Malvaceae_Pterospermum_javanicum,Malvaceae,Pterospermum,javanicum,NA,Pterospermum,javanicum,0.4
197,548164,598369,2016,444,239,14.1,Malvaceae_Pterospermum_javanicum,Malvaceae,Pterospermum,javanicum,NA,Pterospermum,javanicum,0.4
197,548164,598369,2016,445,332,26.2,Malvaceae_Pterospermum_javanicum,Malvaceae,Pterospermum,javanicum,NA,Pterospermum,javanicum,0.4
111,550703,599637,2016,1252,303,30.1,Dipterocarpaceae_Shorea_johorensis,Dipterocarpaceae,Shorea,johorensis,NA,Shorea,johorensis,0.393333333
112,550703,599637,2016,1252,303,30.1,Dipterocarpaceae_Shorea_johorensis,Dipterocarpaceae,Shorea,johorensis,NA,Shorea,johorensis,0.393333333
113,548240,598544,2016,814,423,28.9,Dipterocarpaceae_Shorea_johorensis,Dipterocarpaceae,Shorea,johorensis,NA,Shorea,johorensis,0.393333333
113,548240,598544,2016,815,765,41.4,Dipterocarpaceae_Shorea_johorensis,Dipterocarpaceae,Shorea,johorensis,NA,Shorea,johorensis,0.393333333
114,548240,598544,2016,814,423,28.9,Dipterocarpaceae_Shorea_johorensis,Dipterocarpaceae,Shorea,johorensis,NA,Shorea,johorensis,0.393333333
114,548240,598544,2016,815,765,41.4,Dipterocarpaceae_Shorea_johorensis,Dipterocarpaceae,Shorea,johorensis,NA,Shorea,johorensis,0.393333333
133,550985,595048,2016,5365,516,40.2,Dipterocarpaceae_Shorea_johorensis,Dipterocarpaceae,Shorea,johorensis,NA,Shorea,johorensis,0.393333333
133,550985,595048,2016,5366,241,34,Dipterocarpaceae_Shorea_johorensis,Dipterocarpaceae,Shorea,johorensis,NA,Shorea,johorensis,0.393333333
134,550985,595048,2016,5365,516,40.2,Dipterocarpaceae_Shorea_johorensis,Dipterocarpaceae,Shorea,johorensis,NA,Shorea,johorensis,0.393333333
134,550985,595048,2016,5366,241,34,Dipterocarpaceae_Shorea_johorensis,Dipterocarpaceae,Shorea,johorensis,NA,Shorea,johorensis,0.393333333
135,550985,595048,2016,5365,516,40.2,Dipterocarpaceae_Shorea_johorensis,Dipterocarpaceae,Shorea,johorensis,NA,Shorea,johorensis,0.393333333
135,550985,595048,2016,5366,241,34,Dipterocarpaceae_Shorea_johorensis,Dipterocarpaceae,Shorea,johorensis,NA,Shorea,johorensis,0.393333333
136,550985,595048,2016,5365,516,40.2,Dipterocarpaceae_Shorea_johorensis,Dipterocarpaceae,Shorea,johorensis,NA,Shorea,johorensis,0.393333333
136,550985,595048,2016,5366,241,34,Dipterocarpaceae_Shorea_johorensis,Dipterocarpaceae,Shorea,johorensis,NA,Shorea,johorensis,0.393333333
147,550703,599637,2016,1252,303,30.1,Dipterocarpaceae_Shorea_johorensis,Dipterocarpaceae,Shorea,johorensis,NA,Shorea,johorensis,0.393333333
148,550703,599637,2016,1252,303,30.1,Dipterocarpaceae_Shorea_johorensis,Dipterocarpaceae,Shorea,johorensis,NA,Shorea,johorensis,0.393333333
158,543050,588838,2016,8794,299,17.3,Dipterocarpaceae_Shorea_johorensis,Dipterocarpaceae,Shorea,johorensis,NA,Shorea,johorensis,0.393333333
159,543050,588838,2016,8794,299,17.3,Dipterocarpaceae_Shorea_johorensis,Dipterocarpaceae,Shorea,johorensis,NA,Shorea,johorensis,0.393333333
160,543050,588838,2016,8794,299,17.3,Dipterocarpaceae_Shorea_johorensis,Dipterocarpaceae,Shorea,johorensis,NA,Shorea,johorensis,0.393333333
161,543050,588838,2016,8794,299,17.3,Dipterocarpaceae_Shorea_johorensis,Dipterocarpaceae,Shorea,johorensis,NA,Shorea,johorensis,0.393333333
198,548240,598544,2016,814,423,28.9,Dipterocarpaceae_Shorea_johorensis,Dipterocarpaceae,Shorea,johorensis,NA,Shorea,johorensis,0.393333333
198,548240,598544,2016,815,765,41.4,Dipterocarpaceae_Shorea_johorensis,Dipterocarpaceae,Shorea,johorensis,NA,Shorea,johorensis,0.393333333
199,548240,598544,2016,814,423,28.9,Dipterocarpaceae_Shorea_johorensis,Dipterocarpaceae,Shorea,johorensis,NA,Shorea,johorensis,0.393333333
199,548240,598544,2016,815,765,41.4,Dipterocarpaceae_Shorea_johorensis,Dipterocarpaceae,Shorea,johorensis,NA,Shorea,johorensis,0.393333333
200,550343,590306,2016,5659,486,34.3,Dipterocarpaceae_Shorea_johorensis,Dipterocarpaceae,Shorea,johorensis,NA,Shorea,johorensis,0.393333333
201,550343,590306,2016,5659,486,34.3,Dipterocarpaceae_Shorea_johorensis,Dipterocarpaceae,Shorea,johorensis,NA,Shorea,johorensis,0.393333333
202,550343,590306,2016,5659,486,34.3,Dipterocarpaceae_Shorea_johorensis,Dipterocarpaceae,Shorea,johorensis,NA,Shorea,johorensis,0.393333333
203,550343,590306,2016,5659,486,34.3,Dipterocarpaceae_Shorea_johorensis,Dipterocarpaceae,Shorea,johorensis,NA,Shorea,johorensis,0.393333333
94,543049,595110,2016,1540,417,24.7,Dipterocarpaceae_Shorea_johorensis,Dipterocarpaceae,Shorea,johorensis,NA,Shorea,johorensis,0.393333333
95,543049,595110,2016,1540,417,24.7,Dipterocarpaceae_Shorea_johorensis,Dipterocarpaceae,Shorea,johorensis,NA,Shorea,johorensis,0.393333333
96,543049,595110,2016,1540,417,24.7,Dipterocarpaceae_Shorea_johorensis,Dipterocarpaceae,Shorea,johorensis,NA,Shorea,johorensis,0.393333333
97,543049,595110,2016,1540,417,24.7,Dipterocarpaceae_Shorea_johorensis,Dipterocarpaceae,Shorea,johorensis,NA,Shorea,johorensis,0.393333333
111,550703,599637,2016,1253,236,25.3,Dipterocarpaceae_Shorea_parvifolia,Dipterocarpaceae,Shorea,parvifolia,NA,Shorea,parvifolia,0.405
112,550703,599637,2016,1253,236,25.3,Dipterocarpaceae_Shorea_parvifolia,Dipterocarpaceae,Shorea,parvifolia,NA,Shorea,parvifolia,0.405
133,550985,595048,2016,5369,235,31.2,Dipterocarpaceae_Shorea_parvifolia,Dipterocarpaceae,Shorea,parvifolia,NA,Shorea,parvifolia,0.405
134,550985,595048,2016,5369,235,31.2,Dipterocarpaceae_Shorea_parvifolia,Dipterocarpaceae,Shorea,parvifolia,NA,Shorea,parvifolia,0.405
135,550985,595048,2016,5369,235,31.2,Dipterocarpaceae_Shorea_parvifolia,Dipterocarpaceae,Shorea,parvifolia,NA,Shorea,parvifolia,0.405
136,550985,595048,2016,5369,235,31.2,Dipterocarpaceae_Shorea_parvifolia,Dipterocarpaceae,Shorea,parvifolia,NA,Shorea,parvifolia,0.405
139,551388,589382,2016,6865,317,22.9,Dipterocarpaceae_Shorea_parvifolia,Dipterocarpaceae,Shorea,parvifolia,NA,Shorea,parvifolia,0.405
140,551388,589382,2016,6865,317,22.9,Dipterocarpaceae_Shorea_parvifolia,Dipterocarpaceae,Shorea,parvifolia,NA,Shorea,parvifolia,0.405
141,551388,589382,2016,6865,317,22.9,Dipterocarpaceae_Shorea_parvifolia,Dipterocarpaceae,Shorea,parvifolia,NA,Shorea,parvifolia,0.405
142,551388,589382,2016,6865,317,22.9,Dipterocarpaceae_Shorea_parvifolia,Dipterocarpaceae,Shorea,parvifolia,NA,Shorea,parvifolia,0.405
143,551618,590225,2016,6515,253,22.84,Dipterocarpaceae_Shorea_parvifolia,Dipterocarpaceae,Shorea,parvifolia,NA,Shorea,parvifolia,0.405
144,551618,590225,2016,6515,253,22.84,Dipterocarpaceae_Shorea_parvifolia,Dipterocarpaceae,Shorea,parvifolia,NA,Shorea,parvifolia,0.405
145,551618,590225,2016,6515,253,22.84,Dipterocarpaceae_Shorea_parvifolia,Dipterocarpaceae,Shorea,parvifolia,NA,Shorea,parvifolia,0.405
146,551618,590225,2016,6515,253,22.84,Dipterocarpaceae_Shorea_parvifolia,Dipterocarpaceae,Shorea,parvifolia,NA,Shorea,parvifolia,0.405
147,550703,599637,2016,1253,236,25.3,Dipterocarpaceae_Shorea_parvifolia,Dipterocarpaceae,Shorea,parvifolia,NA,Shorea,parvifolia,0.405
148,550703,599637,2016,1253,236,25.3,Dipterocarpaceae_Shorea_parvifolia,Dipterocarpaceae,Shorea,parvifolia,NA,Shorea,parvifolia,0.405
150,550426,592305,2016,4998,354,35.6,Dipterocarpaceae_Shorea_parvifolia,Dipterocarpaceae,Shorea,parvifolia,NA,Shorea,parvifolia,0.405
151,550426,592305,2016,4998,354,35.6,Dipterocarpaceae_Shorea_parvifolia,Dipterocarpaceae,Shorea,parvifolia,NA,Shorea,parvifolia,0.405
152,550426,592305,2016,4998,354,35.6,Dipterocarpaceae_Shorea_parvifolia,Dipterocarpaceae,Shorea,parvifolia,NA,Shorea,parvifolia,0.405
153,550426,592305,2016,4998,354,35.6,Dipterocarpaceae_Shorea_parvifolia,Dipterocarpaceae,Shorea,parvifolia,NA,Shorea,parvifolia,0.405
166,542963,589716,2016,8402,256,27.7,Dipterocarpaceae_Shorea_parvifolia,Dipterocarpaceae,Shorea,parvifolia,NA,Shorea,parvifolia,0.405
167,542963,589716,2016,8402,256,27.7,Dipterocarpaceae_Shorea_parvifolia,Dipterocarpaceae,Shorea,parvifolia,NA,Shorea,parvifolia,0.405
168,542963,589716,2016,8402,256,27.7,Dipterocarpaceae_Shorea_parvifolia,Dipterocarpaceae,Shorea,parvifolia,NA,Shorea,parvifolia,0.405
169,542963,589716,2016,8402,256,27.7,Dipterocarpaceae_Shorea_parvifolia,Dipterocarpaceae,Shorea,parvifolia,NA,Shorea,parvifolia,0.405
185,544043,595454,2016,4043,201,20.5,Dipterocarpaceae_Shorea_parvifolia,Dipterocarpaceae,Shorea,parvifolia,NA,Shorea,parvifolia,0.405
185,544043,595454,2016,4047,244,26.8,Dipterocarpaceae_Shorea_parvifolia,Dipterocarpaceae,Shorea,parvifolia,NA,Shorea,parvifolia,0.405
185,544043,595454,2016,4050,508,43.2,Dipterocarpaceae_Shorea_parvifolia,Dipterocarpaceae,Shorea,parvifolia,NA,Shorea,parvifolia,0.405
186,544043,595454,2016,4043,201,20.5,Dipterocarpaceae_Shorea_parvifolia,Dipterocarpaceae,Shorea,parvifolia,NA,Shorea,parvifolia,0.405
186,544043,595454,2016,4047,244,26.8,Dipterocarpaceae_Shorea_parvifolia,Dipterocarpaceae,Shorea,parvifolia,NA,Shorea,parvifolia,0.405
186,544043,595454,2016,4050,508,43.2,Dipterocarpaceae_Shorea_parvifolia,Dipterocarpaceae,Shorea,parvifolia,NA,Shorea,parvifolia,0.405
187,544043,595454,2016,4043,201,20.5,Dipterocarpaceae_Shorea_parvifolia,Dipterocarpaceae,Shorea,parvifolia,NA,Shorea,parvifolia,0.405
187,544043,595454,2016,4047,244,26.8,Dipterocarpaceae_Shorea_parvifolia,Dipterocarpaceae,Shorea,parvifolia,NA,Shorea,parvifolia,0.405
187,544043,595454,2016,4050,508,43.2,Dipterocarpaceae_Shorea_parvifolia,Dipterocarpaceae,Shorea,parvifolia,NA,Shorea,parvifolia,0.405
188,544043,595454,2016,4043,201,20.5,Dipterocarpaceae_Shorea_parvifolia,Dipterocarpaceae,Shorea,parvifolia,NA,Shorea,parvifolia,0.405
188,544043,595454,2016,4047,244,26.8,Dipterocarpaceae_Shorea_parvifolia,Dipterocarpaceae,Shorea,parvifolia,NA,Shorea,parvifolia,0.405
188,544043,595454,2016,4050,508,43.2,Dipterocarpaceae_Shorea_parvifolia,Dipterocarpaceae,Shorea,parvifolia,NA,Shorea,parvifolia,0.405
88,547178,596350,2016,2914,443,36.8,Dipterocarpaceae_Shorea_parvifolia,Dipterocarpaceae,Shorea,parvifolia,NA,Shorea,parvifolia,0.405
88,547178,596350,2016,2915,762,47.1,Dipterocarpaceae_Shorea_parvifolia,Dipterocarpaceae,Shorea,parvifolia,NA,Shorea,parvifolia,0.405
88,547178,596350,2016,2916,272,22.5,Dipterocarpaceae_Shorea_parvifolia,Dipterocarpaceae,Shorea,parvifolia,NA,Shorea,parvifolia,0.405
89,547178,596350,2016,2914,443,36.8,Dipterocarpaceae_Shorea_parvifolia,Dipterocarpaceae,Shorea,parvifolia,NA,Shorea,parvifolia,0.405
89,547178,596350,2016,2915,762,47.1,Dipterocarpaceae_Shorea_parvifolia,Dipterocarpaceae,Shorea,parvifolia,NA,Shorea,parvifolia,0.405
89,547178,596350,2016,2916,272,22.5,Dipterocarpaceae_Shorea_parvifolia,Dipterocarpaceae,Shorea,parvifolia,NA,Shorea,parvifolia,0.405
90,547178,596350,2016,2914,443,36.8,Dipterocarpaceae_Shorea_parvifolia,Dipterocarpaceae,Shorea,parvifolia,NA,Shorea,parvifolia,0.405
90,547178,596350,2016,2915,762,47.1,Dipterocarpaceae_Shorea_parvifolia,Dipterocarpaceae,Shorea,parvifolia,NA,Shorea,parvifolia,0.405
90,547178,596350,2016,2916,272,22.5,Dipterocarpaceae_Shorea_parvifolia,Dipterocarpaceae,Shorea,parvifolia,NA,Shorea,parvifolia,0.405
91,547178,596350,2016,2914,443,36.8,Dipterocarpaceae_Shorea_parvifolia,Dipterocarpaceae,Shorea,parvifolia,NA,Shorea,parvifolia,0.405
91,547178,596350,2016,2915,762,47.1,Dipterocarpaceae_Shorea_parvifolia,Dipterocarpaceae,Shorea,parvifolia,NA,Shorea,parvifolia,0.405
91,547178,596350,2016,2916,272,22.5,Dipterocarpaceae_Shorea_parvifolia,Dipterocarpaceae,Shorea,parvifolia,NA,Shorea,parvifolia,0.405
92,545793,596622,2016,3404,246,29.6,Dipterocarpaceae_Shorea_parvifolia,Dipterocarpaceae,Shorea,parvifolia,NA,Shorea,parvifolia,0.405
93,545793,596622,2016,3404,246,29.6,Dipterocarpaceae_Shorea_parvifolia,Dipterocarpaceae,Shorea,parvifolia,NA,Shorea,parvifolia,0.405
98,545793,596622,2016,3404,246,29.6,Dipterocarpaceae_Shorea_parvifolia,Dipterocarpaceae,Shorea,parvifolia,NA,Shorea,parvifolia,0.405
99,545793,596622,2016,3404,246,29.6,Dipterocarpaceae_Shorea_parvifolia,Dipterocarpaceae,Shorea,parvifolia,NA,Shorea,parvifolia,0.405
113,548240,598544,2016,817,303,16.2,Dipterocarpaceae_Shorea_macrophylla,Dipterocarpaceae,Shorea,macrophylla,NA,Shorea,macrophylla,0.32
114,548240,598544,2016,817,303,16.2,Dipterocarpaceae_Shorea_macrophylla,Dipterocarpaceae,Shorea,macrophylla,NA,Shorea,macrophylla,0.32
198,548240,598544,2016,817,303,16.2,Dipterocarpaceae_Shorea_macrophylla,Dipterocarpaceae,Shorea,macrophylla,NA,Shorea,macrophylla,0.32
199,548240,598544,2016,817,303,16.2,Dipterocarpaceae_Shorea_macrophylla,Dipterocarpaceae,Shorea,macrophylla,NA,Shorea,macrophylla,0.32
113,548240,598544,2016,818,374,28.8,Dipterocarpaceae_Shorea_leprosula,Dipterocarpaceae,Shorea,leprosula,NA,Shorea,leprosula,0.44
114,548240,598544,2016,818,374,28.8,Dipterocarpaceae_Shorea_leprosula,Dipterocarpaceae,Shorea,leprosula,NA,Shorea,leprosula,0.44
121,550427,596926,2016,96,855,57.5,Dipterocarpaceae_Shorea_leprosula,Dipterocarpaceae,Shorea,leprosula,NA,Shorea,leprosula,0.44
122,550427,596926,2016,96,855,57.5,Dipterocarpaceae_Shorea_leprosula,Dipterocarpaceae,Shorea,leprosula,NA,Shorea,leprosula,0.44
123,550427,596926,2016,96,855,57.5,Dipterocarpaceae_Shorea_leprosula,Dipterocarpaceae,Shorea,leprosula,NA,Shorea,leprosula,0.44
124,550427,596926,2016,96,855,57.5,Dipterocarpaceae_Shorea_leprosula,Dipterocarpaceae,Shorea,leprosula,NA,Shorea,leprosula,0.44
198,548240,598544,2016,818,374,28.8,Dipterocarpaceae_Shorea_leprosula,Dipterocarpaceae,Shorea,leprosula,NA,Shorea,leprosula,0.44
199,548240,598544,2016,818,374,28.8,Dipterocarpaceae_Shorea_leprosula,Dipterocarpaceae,Shorea,leprosula,NA,Shorea,leprosula,0.44
113,548240,598544,2016,819,385,22.2,Dipterocarpaceae_Shorea_faguetiana,Dipterocarpaceae,Shorea,faguentiana,NA,Shorea,faguetiana,0.48
113,548240,598544,2016,820,484,40.5,Dipterocarpaceae_Shorea_faguetiana,Dipterocarpaceae,Shorea,faguentiana,NA,Shorea,faguetiana,0.48
114,548240,598544,2016,819,385,22.2,Dipterocarpaceae_Shorea_faguetiana,Dipterocarpaceae,Shorea,faguentiana,NA,Shorea,faguetiana,0.48
114,548240,598544,2016,820,484,40.5,Dipterocarpaceae_Shorea_faguetiana,Dipterocarpaceae,Shorea,faguentiana,NA,Shorea,faguetiana,0.48
129,548005,594621,2016,4539,261,22.7,Dipterocarpaceae_Shorea_faguetiana,Dipterocarpaceae,Shorea,faguentiana,NA,Shorea,faguetiana,0.48
130,548005,594621,2016,4539,261,22.7,Dipterocarpaceae_Shorea_faguetiana,Dipterocarpaceae,Shorea,faguentiana,NA,Shorea,faguetiana,0.48
131,548005,594621,2016,4539,261,22.7,Dipterocarpaceae_Shorea_faguetiana,Dipterocarpaceae,Shorea,faguentiana,NA,Shorea,faguetiana,0.48
132,548005,594621,2016,4539,261,22.7,Dipterocarpaceae_Shorea_faguetiana,Dipterocarpaceae,Shorea,faguentiana,NA,Shorea,faguetiana,0.48
139,551388,589382,2016,6866,410,26.5,Dipterocarpaceae_Shorea_faguetiana,Dipterocarpaceae,Shorea,faguentiana,NA,Shorea,faguetiana,0.48
140,551388,589382,2016,6866,410,26.5,Dipterocarpaceae_Shorea_faguetiana,Dipterocarpaceae,Shorea,faguentiana,NA,Shorea,faguetiana,0.48
141,551388,589382,2016,6866,410,26.5,Dipterocarpaceae_Shorea_faguetiana,Dipterocarpaceae,Shorea,faguentiana,NA,Shorea,faguetiana,0.48
142,551388,589382,2016,6866,410,26.5,Dipterocarpaceae_Shorea_faguetiana,Dipterocarpaceae,Shorea,faguentiana,NA,Shorea,faguetiana,0.48
185,544043,595454,2016,4040,638,44.7,Dipterocarpaceae_Shorea_faguetiana,Dipterocarpaceae,Shorea,faguentiana,NA,Shorea,faguetiana,0.48
186,544043,595454,2016,4040,638,44.7,Dipterocarpaceae_Shorea_faguetiana,Dipterocarpaceae,Shorea,faguentiana,NA,Shorea,faguetiana,0.48
187,544043,595454,2016,4040,638,44.7,Dipterocarpaceae_Shorea_faguetiana,Dipterocarpaceae,Shorea,faguentiana,NA,Shorea,faguetiana,0.48
188,544043,595454,2016,4040,638,44.7,Dipterocarpaceae_Shorea_faguetiana,Dipterocarpaceae,Shorea,faguentiana,NA,Shorea,faguetiana,0.48
198,548240,598544,2016,819,385,22.2,Dipterocarpaceae_Shorea_faguetiana,Dipterocarpaceae,Shorea,faguentiana,NA,Shorea,faguetiana,0.48
198,548240,598544,2016,820,484,40.5,Dipterocarpaceae_Shorea_faguetiana,Dipterocarpaceae,Shorea,faguentiana,NA,Shorea,faguetiana,0.48
199,548240,598544,2016,819,385,22.2,Dipterocarpaceae_Shorea_faguetiana,Dipterocarpaceae,Shorea,faguentiana,NA,Shorea,faguetiana,0.48
199,548240,598544,2016,820,484,40.5,Dipterocarpaceae_Shorea_faguetiana,Dipterocarpaceae,Shorea,faguentiana,NA,Shorea,faguetiana,0.48
125,548633,594907,2016,4355,433,38.2,Burseraceae_Canarium_denticulatum,Burseraceae,Canarium,denticulatum,NA,Canarium,denticulatum,0.525
126,548633,594907,2016,4355,433,38.2,Burseraceae_Canarium_denticulatum,Burseraceae,Canarium,denticulatum,NA,Canarium,denticulatum,0.525
127,548633,594907,2016,4355,433,38.2,Burseraceae_Canarium_denticulatum,Burseraceae,Canarium,denticulatum,NA,Canarium,denticulatum,0.525
128,548633,594907,2016,4355,433,38.2,Burseraceae_Canarium_denticulatum,Burseraceae,Canarium,denticulatum,NA,Canarium,denticulatum,0.525
125,548633,594907,2016,4358,557,35.1,Dipterocarpaceae_Dryobalanops_lanceolata,Dipterocarpaceae,Dryobalanops,lanceolata,NA,Dryobalanops,lanceolata,0.62
125,548633,594907,2016,4359,273,32.3,Dipterocarpaceae_Dryobalanops_lanceolata,Dipterocarpaceae,Dryobalanops,lanceolata,NA,Dryobalanops,lanceolata,0.62
125,548633,594907,2016,4361,334,25.8,Dipterocarpaceae_Dryobalanops_lanceolata,Dipterocarpaceae,Dryobalanops,lanceolata,NA,Dryobalanops,lanceolata,0.62
126,548633,594907,2016,4358,557,35.1,Dipterocarpaceae_Dryobalanops_lanceolata,Dipterocarpaceae,Dryobalanops,lanceolata,NA,Dryobalanops,lanceolata,0.62
126,548633,594907,2016,4359,273,32.3,Dipterocarpaceae_Dryobalanops_lanceolata,Dipterocarpaceae,Dryobalanops,lanceolata,NA,Dryobalanops,lanceolata,0.62
126,548633,594907,2016,4361,334,25.8,Dipterocarpaceae_Dryobalanops_lanceolata,Dipterocarpaceae,Dryobalanops,lanceolata,NA,Dryobalanops,lanceolata,0.62
127,548633,594907,2016,4358,557,35.1,Dipterocarpaceae_Dryobalanops_lanceolata,Dipterocarpaceae,Dryobalanops,lanceolata,NA,Dryobalanops,lanceolata,0.62
127,548633,594907,2016,4359,273,32.3,Dipterocarpaceae_Dryobalanops_lanceolata,Dipterocarpaceae,Dryobalanops,lanceolata,NA,Dryobalanops,lanceolata,0.62
127,548633,594907,2016,4361,334,25.8,Dipterocarpaceae_Dryobalanops_lanceolata,Dipterocarpaceae,Dryobalanops,lanceolata,NA,Dryobalanops,lanceolata,0.62
128,548633,594907,2016,4358,557,35.1,Dipterocarpaceae_Dryobalanops_lanceolata,Dipterocarpaceae,Dryobalanops,lanceolata,NA,Dryobalanops,lanceolata,0.62
128,548633,594907,2016,4359,273,32.3,Dipterocarpaceae_Dryobalanops_lanceolata,Dipterocarpaceae,Dryobalanops,lanceolata,NA,Dryobalanops,lanceolata,0.62
128,548633,594907,2016,4361,334,25.8,Dipterocarpaceae_Dryobalanops_lanceolata,Dipterocarpaceae,Dryobalanops,lanceolata,NA,Dryobalanops,lanceolata,0.62
92,545793,596622,2016,3407,409,34,Dipterocarpaceae_Dryobalanops_lanceolata,Dipterocarpaceae,Dryobalanops,lanceolata,NA,Dryobalanops,lanceolata,0.62
93,545793,596622,2016,3407,409,34,Dipterocarpaceae_Dryobalanops_lanceolata,Dipterocarpaceae,Dryobalanops,lanceolata,NA,Dryobalanops,lanceolata,0.62
98,545793,596622,2016,3407,409,34,Dipterocarpaceae_Dryobalanops_lanceolata,Dipterocarpaceae,Dryobalanops,lanceolata,NA,Dryobalanops,lanceolata,0.62
99,545793,596622,2016,3407,409,34,Dipterocarpaceae_Dryobalanops_lanceolata,Dipterocarpaceae,Dryobalanops,lanceolata,NA,Dryobalanops,lanceolata,0.62
125,548633,594907,2016,4377,279,26.9,Sapindaceae_Dimocarpus_longan,Sapindaceae,Dimocarpus,longan,NA,Dimocarpus,longan,0.7
126,548633,594907,2016,4377,279,26.9,Sapindaceae_Dimocarpus_longan,Sapindaceae,Dimocarpus,longan,NA,Dimocarpus,longan,0.7
127,548633,594907,2016,4377,279,26.9,Sapindaceae_Dimocarpus_longan,Sapindaceae,Dimocarpus,longan,NA,Dimocarpus,longan,0.7
128,548633,594907,2016,4377,279,26.9,Sapindaceae_Dimocarpus_longan,Sapindaceae,Dimocarpus,longan,NA,Dimocarpus,longan,0.7
170,542453,589698,2016,9328,202,13.3,Sapindaceae_Dimocarpus_longan,Sapindaceae,Dimocarpus,longan,NA,Dimocarpus,longan,0.7
171,542453,589698,2016,9328,202,13.3,Sapindaceae_Dimocarpus_longan,Sapindaceae,Dimocarpus,longan,NA,Dimocarpus,longan,0.7
172,542453,589698,2016,9328,202,13.3,Sapindaceae_Dimocarpus_longan,Sapindaceae,Dimocarpus,longan,NA,Dimocarpus,longan,0.7
173,542453,589698,2016,9328,202,13.3,Sapindaceae_Dimocarpus_longan,Sapindaceae,Dimocarpus,longan,NA,Dimocarpus,longan,0.7
133,550985,595048,2016,5367,320,29.9,Dipterocarpaceae_Shorea_pauciflora,Dipterocarpaceae,Shorea,pauciflora,NA,Shorea,pauciflora,0.5325
134,550985,595048,2016,5367,320,29.9,Dipterocarpaceae_Shorea_pauciflora,Dipterocarpaceae,Shorea,pauciflora,NA,Shorea,pauciflora,0.5325
135,550985,595048,2016,5367,320,29.9,Dipterocarpaceae_Shorea_pauciflora,Dipterocarpaceae,Shorea,pauciflora,NA,Shorea,pauciflora,0.5325
136,550985,595048,2016,5367,320,29.9,Dipterocarpaceae_Shorea_pauciflora,Dipterocarpaceae,Shorea,pauciflora,NA,Shorea,pauciflora,0.5325
174,543207,590209,2016,9594,341,22.3,Dipterocarpaceae_Shorea_pauciflora,Dipterocarpaceae,Shorea,pauciflora,NA,Shorea,pauciflora,0.5325
174,543207,590209,2016,9601,569,25.8,Dipterocarpaceae_Shorea_pauciflora,Dipterocarpaceae,Shorea,pauciflora,NA,Shorea,pauciflora,0.5325
175,543207,590209,2016,9594,341,22.3,Dipterocarpaceae_Shorea_pauciflora,Dipterocarpaceae,Shorea,pauciflora,NA,Shorea,pauciflora,0.5325
175,543207,590209,2016,9601,569,25.8,Dipterocarpaceae_Shorea_pauciflora,Dipterocarpaceae,Shorea,pauciflora,NA,Shorea,pauciflora,0.5325
176,543207,590209,2016,9594,341,22.3,Dipterocarpaceae_Shorea_pauciflora,Dipterocarpaceae,Shorea,pauciflora,NA,Shorea,pauciflora,0.5325
176,543207,590209,2016,9601,569,25.8,Dipterocarpaceae_Shorea_pauciflora,Dipterocarpaceae,Shorea,pauciflora,NA,Shorea,pauciflora,0.5325
177,543207,590209,2016,9594,341,22.3,Dipterocarpaceae_Shorea_pauciflora,Dipterocarpaceae,Shorea,pauciflora,NA,Shorea,pauciflora,0.5325
177,543207,590209,2016,9601,569,25.8,Dipterocarpaceae_Shorea_pauciflora,Dipterocarpaceae,Shorea,pauciflora,NA,Shorea,pauciflora,0.5325
139,551388,589382,2016,6864,251,25.6,Dipterocarpaceae_Shorea_fallax,Dipterocarpaceae,Shorea,fallax,NA,Shorea,fallax,0.5
140,551388,589382,2016,6864,251,25.6,Dipterocarpaceae_Shorea_fallax,Dipterocarpaceae,Shorea,fallax,NA,Shorea,fallax,0.5
141,551388,589382,2016,6864,251,25.6,Dipterocarpaceae_Shorea_fallax,Dipterocarpaceae,Shorea,fallax,NA,Shorea,fallax,0.5
142,551388,589382,2016,6864,251,25.6,Dipterocarpaceae_Shorea_fallax,Dipterocarpaceae,Shorea,fallax,NA,Shorea,fallax,0.5
150,550426,592305,2016,5000,223,27.4,Dipterocarpaceae_Shorea_fallax,Dipterocarpaceae,Shorea,fallax,NA,Shorea,fallax,0.5
151,550426,592305,2016,5000,223,27.4,Dipterocarpaceae_Shorea_fallax,Dipterocarpaceae,Shorea,fallax,NA,Shorea,fallax,0.5
152,550426,592305,2016,5000,223,27.4,Dipterocarpaceae_Shorea_fallax,Dipterocarpaceae,Shorea,fallax,NA,Shorea,fallax,0.5
153,550426,592305,2016,5000,223,27.4,Dipterocarpaceae_Shorea_fallax,Dipterocarpaceae,Shorea,fallax,NA,Shorea,fallax,0.5
158,543050,588838,2016,8795,312,15.2,Dipterocarpaceae_Shorea_fallax,Dipterocarpaceae,Shorea,fallax,NA,Shorea,fallax,0.5
159,543050,588838,2016,8795,312,15.2,Dipterocarpaceae_Shorea_fallax,Dipterocarpaceae,Shorea,fallax,NA,Shorea,fallax,0.5
160,543050,588838,2016,8795,312,15.2,Dipterocarpaceae_Shorea_fallax,Dipterocarpaceae,Shorea,fallax,NA,Shorea,fallax,0.5
161,543050,588838,2016,8795,312,15.2,Dipterocarpaceae_Shorea_fallax,Dipterocarpaceae,Shorea,fallax,NA,Shorea,fallax,0.5
162,543281,589473,2016,9006,698,41.5,Dipterocarpaceae_Shorea_fallax,Dipterocarpaceae,Shorea,fallax,NA,Shorea,fallax,0.5
163,543281,589473,2016,9006,698,41.5,Dipterocarpaceae_Shorea_fallax,Dipterocarpaceae,Shorea,fallax,NA,Shorea,fallax,0.5
164,543281,589473,2016,9006,698,41.5,Dipterocarpaceae_Shorea_fallax,Dipterocarpaceae,Shorea,fallax,NA,Shorea,fallax,0.5
165,543281,589473,2016,9006,698,41.5,Dipterocarpaceae_Shorea_fallax,Dipterocarpaceae,Shorea,fallax,NA,Shorea,fallax,0.5
158,543050,588838,2016,8792,679,44.9,Dipterocarpaceae_Dipterocarpus_caudiferus,Dipterocarpaceae,Dipterocarpus,caudiferus,NA,Dipterocarpus,caudiferus,0.654277244
159,543050,588838,2016,8792,679,44.9,Dipterocarpaceae_Dipterocarpus_caudiferus,Dipterocarpaceae,Dipterocarpus,caudiferus,NA,Dipterocarpus,caudiferus,0.654277244
160,543050,588838,2016,8792,679,44.9,Dipterocarpaceae_Dipterocarpus_caudiferus,Dipterocarpaceae,Dipterocarpus,caudiferus,NA,Dipterocarpus,caudiferus,0.654277244
161,543050,588838,2016,8792,679,44.9,Dipterocarpaceae_Dipterocarpus_caudiferus,Dipterocarpaceae,Dipterocarpus,caudiferus,NA,Dipterocarpus,caudiferus,0.654277244
185,544043,595454,2016,4042,645,51.4,Dipterocarpaceae_Dipterocarpus_caudiferus,Dipterocarpaceae,Dipterocarpus,caudiferus,NA,Dipterocarpus,caudiferus,0.654277244
186,544043,595454,2016,4042,645,51.4,Dipterocarpaceae_Dipterocarpus_caudiferus,Dipterocarpaceae,Dipterocarpus,caudiferus,NA,Dipterocarpus,caudiferus,0.654277244
187,544043,595454,2016,4042,645,51.4,Dipterocarpaceae_Dipterocarpus_caudiferus,Dipterocarpaceae,Dipterocarpus,caudiferus,NA,Dipterocarpus,caudiferus,0.654277244
188,544043,595454,2016,4042,645,51.4,Dipterocarpaceae_Dipterocarpus_caudiferus,Dipterocarpaceae,Dipterocarpus,caudiferus,NA,Dipterocarpus,caudiferus,0.654277244
162,543281,589473,2016,9005,552,39.4,Dipterocarpaceae_Parashorea_tomentella,Dipterocarpaceae,Parashorea,tomentella,NA,Parashorea,tomentella,0.5535
162,543281,589473,2016,9007,228,11.7,Dipterocarpaceae_Parashorea_tomentella,Dipterocarpaceae,Parashorea,tomentella,NA,Parashorea,tomentella,0.5535
162,543281,589473,2016,9008,209,17.5,Dipterocarpaceae_Parashorea_tomentella,Dipterocarpaceae,Parashorea,tomentella,NA,Parashorea,tomentella,0.5535
163,543281,589473,2016,9005,552,39.4,Dipterocarpaceae_Parashorea_tomentella,Dipterocarpaceae,Parashorea,tomentella,NA,Parashorea,tomentella,0.5535
163,543281,589473,2016,9007,228,11.7,Dipterocarpaceae_Parashorea_tomentella,Dipterocarpaceae,Parashorea,tomentella,NA,Parashorea,tomentella,0.5535
163,543281,589473,2016,9008,209,17.5,Dipterocarpaceae_Parashorea_tomentella,Dipterocarpaceae,Parashorea,tomentella,NA,Parashorea,tomentella,0.5535
164,543281,589473,2016,9005,552,39.4,Dipterocarpaceae_Parashorea_tomentella,Dipterocarpaceae,Parashorea,tomentella,NA,Parashorea,tomentella,0.5535
164,543281,589473,2016,9007,228,11.7,Dipterocarpaceae_Parashorea_tomentella,Dipterocarpaceae,Parashorea,tomentella,NA,Parashorea,tomentella,0.5535
164,543281,589473,2016,9008,209,17.5,Dipterocarpaceae_Parashorea_tomentella,Dipterocarpaceae,Parashorea,tomentella,NA,Parashorea,tomentella,0.5535
165,543281,589473,2016,9005,552,39.4,Dipterocarpaceae_Parashorea_tomentella,Dipterocarpaceae,Parashorea,tomentella,NA,Parashorea,tomentella,0.5535
165,543281,589473,2016,9007,228,11.7,Dipterocarpaceae_Parashorea_tomentella,Dipterocarpaceae,Parashorea,tomentella,NA,Parashorea,tomentella,0.5535
165,543281,589473,2016,9008,209,17.5,Dipterocarpaceae_Parashorea_tomentella,Dipterocarpaceae,Parashorea,tomentella,NA,Parashorea,tomentella,0.5535
204,550722,591005,2016,6245,286,23.19,Malvaceae_Pentace_laxiflora,Malvaceae,Pentace,laxiflora,NA,Pentace,laxiflora,0.604833333
205,550722,591005,2016,6245,286,23.19,Malvaceae_Pentace_laxiflora,Malvaceae,Pentace,laxiflora,NA,Pentace,laxiflora,0.604833333
206,550722,591005,2016,6245,286,23.19,Malvaceae_Pentace_laxiflora,Malvaceae,Pentace,laxiflora,NA,Pentace,laxiflora,0.604833333
207,550722,591005,2016,6245,286,23.19,Malvaceae_Pentace_laxiflora,Malvaceae,Pentace,laxiflora,NA,Pentace,laxiflora,0.604833333
1,547415.5758,588258.422,2016,-195034,552,NA,Dipterocarpaceae_Shorea_parvifolia,Dipterocarpaceae,Shorea,parvifolia,SHORP1,Shorea,parvifolia,0.405
40,547465.5758,588008.422,2016,-195079,592,NA,Dipterocarpaceae_Shorea_parvifolia,Dipterocarpaceae,Shorea,parvifolia,SHORP1,Shorea,parvifolia,0.405
75,547615.5758,587858.422,2016,-195212,705,NA,Dipterocarpaceae_Shorea_parvifolia,Dipterocarpaceae,Shorea,parvifolia,SHORP1,Shorea,parvifolia,0.405
8,547665.5758,588208.422,2016,-195262,1060,NA,Dipterocarpaceae_Shorea_parvifolia,Dipterocarpaceae,Shorea,parvifolia,SHORP1,Shorea,parvifolia,0.405
30,547665.5758,588108.422,2016,-195267,913,NA,Dipterocarpaceae_Shorea_parvifolia,Dipterocarpaceae,Shorea,parvifolia,SHORP1,Shorea,parvifolia,0.405
73,547715.5758,587958.422,2016,-195331,957,NA,Dipterocarpaceae_Shorea_parvifolia,Dipterocarpaceae,Shorea,parvifolia,SHORP1,Shorea,parvifolia,0.405
32,547815.5758,588158.422,2016,-195442,1640,NA,Dipterocarpaceae_Shorea_parvifolia,Dipterocarpaceae,Shorea,parvifolia,SHORP1,Shorea,parvifolia,0.405
80,547815.5758,587858.422,2016,-195449,622,NA,Dipterocarpaceae_Shorea_parvifolia,Dipterocarpaceae,Shorea,parvifolia,SHORP1,Shorea,parvifolia,0.405
37,548015.5758,588158.422,2016,-195645,637,NA,Dipterocarpaceae_Shorea_parvifolia,Dipterocarpaceae,Shorea,parvifolia,SHORP1,Shorea,parvifolia,0.405
36,548065.5758,588108.422,2016,-195684,908,NA,Dipterocarpaceae_Shorea_parvifolia,Dipterocarpaceae,Shorea,parvifolia,SHORP1,Shorea,parvifolia,0.405
44,548115.5758,588158.422,2016,-195710,329,NA,Dipterocarpaceae_Shorea_parvifolia,Dipterocarpaceae,Shorea,parvifolia,SHORP1,Shorea,parvifolia,0.405
10,547765.5758,588208.422,2016,-195392,475,NA,Dipterocarpaceae_Shorea_parvifolia,Dipterocarpaceae,Shorea,parvifolia,SHORP1,Shorea,parvifolia,0.405
39,547415.5758,588058.422,2016,-195039,461,NA,Dipterocarpaceae_Shorea_parvifolia,Dipterocarpaceae,Shorea,parvifolia,SHORP1,Shorea,parvifolia,0.405
2,547465.5758,588208.422,2016,-195074,1252,NA,Dipterocarpaceae_Shorea_parvifolia,Dipterocarpaceae,Shorea,parvifolia,SHORP1,Shorea,parvifolia,0.405
6,547565.5758,588208.422,2016,-195179,501,NA,Dipterocarpaceae_Shorea_parvifolia,Dipterocarpaceae,Shorea,parvifolia,SHORP1,Shorea,parvifolia,0.405
30,547665.5758,588108.422,2016,-195265,606,NA,Dipterocarpaceae_Shorea_parvifolia,Dipterocarpaceae,Shorea,parvifolia,SHORP1,Shorea,parvifolia,0.405
78,547715.5758,588058.422,2016,-195328,634,NA,Dipterocarpaceae_Shorea_parvifolia,Dipterocarpaceae,Shorea,parvifolia,SHORP1,Shorea,parvifolia,0.405
10,547765.5758,588208.422,2016,-195393,320,NA,Dipterocarpaceae_Shorea_parvifolia,Dipterocarpaceae,Shorea,parvifolia,SHORP1,Shorea,parvifolia,0.405
80,547815.5758,587858.422,2016,-195434,344,NA,Dipterocarpaceae_Shorea_parvifolia,Dipterocarpaceae,Shorea,parvifolia,SHORP1,Shorea,parvifolia,0.405
32,547815.5758,588158.422,2016,-195456,661,NA,Dipterocarpaceae_Shorea_parvifolia,Dipterocarpaceae,Shorea,parvifolia,SHORP1,Shorea,parvifolia,0.405
81,547865.5758,587908.422,2016,-195502,1223,NA,Dipterocarpaceae_Shorea_parvifolia,Dipterocarpaceae,Shorea,parvifolia,SHORP1,Shorea,parvifolia,0.405
81,547865.5758,587908.422,2016,-195501,1225,NA,Dipterocarpaceae_Shorea_parvifolia,Dipterocarpaceae,Shorea,parvifolia,SHORP1,Shorea,parvifolia,0.405
65,547915.5758,588058.422,2016,-195546,365,NA,Dipterocarpaceae_Shorea_parvifolia,Dipterocarpaceae,Shorea,parvifolia,SHORP1,Shorea,parvifolia,0.405
81,547865.5758,587908.422,2016,-195527,409,NA,Dipterocarpaceae_Shorea_parvifolia,Dipterocarpaceae,Shorea,parvifolia,SHORP1,Shorea,parvifolia,0.405
82,547915.5758,587858.422,2016,-195576,387,NA,Dipterocarpaceae_Shorea_parvifolia,Dipterocarpaceae,Shorea,parvifolia,SHORP1,Shorea,parvifolia,0.405
17,548125.5758,588258.422,2016,-195718,421,NA,Dipterocarpaceae_Shorea_parvifolia,Dipterocarpaceae,Shorea,parvifolia,SHORP1,Shorea,parvifolia,0.405
17,548125.5758,588258.422,2016,-195704,436,NA,Dipterocarpaceae_Shorea_parvifolia,Dipterocarpaceae,Shorea,parvifolia,SHORP1,Shorea,parvifolia,0.405
17,548125.5758,588258.422,2016,-195717,458,NA,Dipterocarpaceae_Shorea_parvifolia,Dipterocarpaceae,Shorea,parvifolia,SHORP1,Shorea,parvifolia,0.405
43,548115.5758,588058.422,2016,-195722,486,NA,Dipterocarpaceae_Shorea_parvifolia,Dipterocarpaceae,Shorea,parvifolia,SHORP1,Shorea,parvifolia,0.405
56,548115.5758,587858.422,2016,-195715,446,NA,Dipterocarpaceae_Shorea_parvifolia,Dipterocarpaceae,Shorea,parvifolia,SHORP1,Shorea,parvifolia,0.405
71,547415.5758,587958.422,2016,-195055,927,NA,Dipterocarpaceae_Shorea_parvifolia,Dipterocarpaceae,Shorea,parvifolia,SHORP1,Shorea,parvifolia,0.405
67,547465.5758,587908.422,2016,-195103,300,NA,Dipterocarpaceae_Shorea_parvifolia,Dipterocarpaceae,Shorea,parvifolia,SHORP1,Shorea,parvifolia,0.405
31,547765.5758,588108.422,2016,-195400,485,NA,Dipterocarpaceae_Shorea_parvifolia,Dipterocarpaceae,Shorea,parvifolia,SHORP1,Shorea,parvifolia,0.405
2,547465.5758,588208.422,2016,-195095,278,NA,Dipterocarpaceae_Shorea_parvifolia,Dipterocarpaceae,Shorea,parvifolia,SHORP1,Shorea,parvifolia,0.405
6,547565.5758,588208.422,2016,-195180,231,NA,Dipterocarpaceae_Shorea_parvifolia,Dipterocarpaceae,Shorea,parvifolia,SHORP1,Shorea,parvifolia,0.405
24,547565.5758,588108.422,2016,-195182,207,NA,Dipterocarpaceae_Shorea_parvifolia,Dipterocarpaceae,Shorea,parvifolia,SHORP1,Shorea,parvifolia,0.405
7,547615.5758,588258.422,2016,-195204,276,NA,Dipterocarpaceae_Shorea_parvifolia,Dipterocarpaceae,Shorea,parvifolia,SHORP1,Shorea,parvifolia,0.405
76,547715.5758,587858.422,2016,-195335,221,NA,Dipterocarpaceae_Shorea_parvifolia,Dipterocarpaceae,Shorea,parvifolia,SHORP1,Shorea,parvifolia,0.405
64,548015.5758,588058.422,2016,-195661,273,NA,Dipterocarpaceae_Shorea_parvifolia,Dipterocarpaceae,Shorea,parvifolia,SHORP1,Shorea,parvifolia,0.405
16,548065.5758,588208.422,2016,-195681,245,NA,Dipterocarpaceae_Shorea_parvifolia,Dipterocarpaceae,Shorea,parvifolia,SHORP1,Shorea,parvifolia,0.405
35,548115.5758,588083.422,2016,-195713,201,NA,Dipterocarpaceae_Shorea_parvifolia,Dipterocarpaceae,Shorea,parvifolia,SHORP1,Shorea,parvifolia,0.405
43,548115.5758,588058.422,2016,-195713,201,NA,Dipterocarpaceae_Shorea_parvifolia,Dipterocarpaceae,Shorea,parvifolia,SHORP1,Shorea,parvifolia,0.405
35,548115.5758,588083.422,2016,-195711,304,NA,Dipterocarpaceae_Shorea_parvifolia,Dipterocarpaceae,Shorea,parvifolia,SHORP1,Shorea,parvifolia,0.405
44,548115.5758,588158.422,2016,-10955,221,NA,Cornaceae_Alangium_javanicum,Cornaceae,Alangium,javanicum,ALANJA,Alangium,javanicum,0.73
32,547815.5758,588158.422,2016,-9660,354,NA,Cornaceae_Alangium_javanicum,Cornaceae,Alangium,javanicum,ALANJA,Alangium,javanicum,0.73
80,547815.5758,587858.422,2016,-9694,371,NA,Cornaceae_Alangium_javanicum,Cornaceae,Alangium,javanicum,ALANJA,Alangium,javanicum,0.73
62,547965.5758,588008.422,2016,-10300,359,NA,Cornaceae_Alangium_javanicum,Cornaceae,Alangium,javanicum,ALANJA,Alangium,javanicum,0.73
83,547965.5758,587908.422,2016,-10240,335,NA,Cornaceae_Alangium_javanicum,Cornaceae,Alangium,javanicum,ALANJA,Alangium,javanicum,0.73
37,548015.5758,588158.422,2016,-10437,415,NA,Cornaceae_Alangium_javanicum,Cornaceae,Alangium,javanicum,ALANJA,Alangium,javanicum,0.73
61,548015.5758,587958.422,2016,-10563,422,NA,Cornaceae_Alangium_javanicum,Cornaceae,Alangium,javanicum,ALANJA,Alangium,javanicum,0.73
42,548065.5758,588008.422,2016,-10689,385,NA,Cornaceae_Alangium_javanicum,Cornaceae,Alangium,javanicum,ALANJA,Alangium,javanicum,0.73
52,548315.5758,587958.422,2016,-11762,374,NA,Cornaceae_Alangium_javanicum,Cornaceae,Alangium,javanicum,ALANJA,Alangium,javanicum,0.73
7,547615.5758,588258.422,2016,-8703,336,NA,Cornaceae_Alangium_javanicum,Cornaceae,Alangium,javanicum,ALANJA,Alangium,javanicum,0.73
75,547615.5758,587858.422,2016,-8775,452,NA,Cornaceae_Alangium_javanicum,Cornaceae,Alangium,javanicum,ALANJA,Alangium,javanicum,0.73
73,547715.5758,587958.422,2016,-9269,510,NA,Cornaceae_Alangium_javanicum,Cornaceae,Alangium,javanicum,ALANJA,Alangium,javanicum,0.73
17,548125.5758,588258.422,2016,-10928,312,NA,Cornaceae_Alangium_javanicum,Cornaceae,Alangium,javanicum,ALANJA,Alangium,javanicum,0.73
56,548115.5758,587858.422,2016,-10905,298,NA,Cornaceae_Alangium_javanicum,Cornaceae,Alangium,javanicum,ALANJA,Alangium,javanicum,0.73
53,548265.5758,587908.422,2016,-11687,353,NA,Cornaceae_Alangium_javanicum,Cornaceae,Alangium,javanicum,ALANJA,Alangium,javanicum,0.73
28,548315.5758,588153.422,2016,-11799,318,NA,Cornaceae_Alangium_javanicum,Cornaceae,Alangium,javanicum,ALANJA,Alangium,javanicum,0.73
52,548315.5758,587958.422,2016,-11939,310,NA,Cornaceae_Alangium_javanicum,Cornaceae,Alangium,javanicum,ALANJA,Alangium,javanicum,0.73
31,547765.5758,588108.422,2016,-9515,412,NA,Cornaceae_Alangium_javanicum,Cornaceae,Alangium,javanicum,ALANJA,Alangium,javanicum,0.73
2,547465.5758,588208.422,2016,-8083,211,NA,Cornaceae_Alangium_javanicum,Cornaceae,Alangium,javanicum,ALANJA,Alangium,javanicum,0.73
4,547465.5758,588108.422,2016,-8018,238,NA,Cornaceae_Alangium_javanicum,Cornaceae,Alangium,javanicum,ALANJA,Alangium,javanicum,0.73
69,547565.5758,587908.422,2016,-8578,227,NA,Cornaceae_Alangium_javanicum,Cornaceae,Alangium,javanicum,ALANJA,Alangium,javanicum,0.73
7,547615.5758,588258.422,2016,-8794,251,NA,Cornaceae_Alangium_javanicum,Cornaceae,Alangium,javanicum,ALANJA,Alangium,javanicum,0.73
14,547915.5758,588258.422,2016,-10047,295,NA,Cornaceae_Alangium_javanicum,Cornaceae,Alangium,javanicum,ALANJA,Alangium,javanicum,0.73
62,547965.5758,588008.422,2016,-10231,289,NA,Cornaceae_Alangium_javanicum,Cornaceae,Alangium,javanicum,ALANJA,Alangium,javanicum,0.73
83,547965.5758,587908.422,2016,-10316,240,NA,Cornaceae_Alangium_javanicum,Cornaceae,Alangium,javanicum,ALANJA,Alangium,javanicum,0.73
15,548015.5758,588258.422,2016,-10338,271,NA,Cornaceae_Alangium_javanicum,Cornaceae,Alangium,javanicum,ALANJA,Alangium,javanicum,0.73
36,548065.5758,588108.422,2016,-10670,247,NA,Cornaceae_Alangium_javanicum,Cornaceae,Alangium,javanicum,ALANJA,Alangium,javanicum,0.73
48,548165.5758,588008.422,2016,-11194,210,NA,Cornaceae_Alangium_javanicum,Cornaceae,Alangium,javanicum,ALANJA,Alangium,javanicum,0.73
53,548265.5758,587908.422,2016,-11689,250,NA,Cornaceae_Alangium_javanicum,Cornaceae,Alangium,javanicum,ALANJA,Alangium,javanicum,0.73
52,548315.5758,587958.422,2016,-11938,240,NA,Cornaceae_Alangium_javanicum,Cornaceae,Alangium,javanicum,ALANJA,Alangium,javanicum,0.73
3,547415.5758,588158.422,2016,-160476,1217,NA,Dipterocarpaceae_Parashorea_malaanonan,Dipterocarpaceae,Parashorea,malaanonan,PAR2MA,Parashorea,malaanonan,0.415
67,547465.5758,587908.422,2016,-160601,1086,NA,Dipterocarpaceae_Parashorea_malaanonan,Dipterocarpaceae,Parashorea,malaanonan,PAR2MA,Parashorea,malaanonan,0.415
24,547565.5758,588108.422,2016,-160834,1411,NA,Dipterocarpaceae_Parashorea_malaanonan,Dipterocarpaceae,Parashorea,malaanonan,PAR2MA,Parashorea,malaanonan,0.415
9,547715.5758,588258.422,2016,-161226,601,NA,Dipterocarpaceae_Parashorea_malaanonan,Dipterocarpaceae,Parashorea,malaanonan,PAR2MA,Parashorea,malaanonan,0.415
76,547715.5758,587858.422,2016,-161259,876,NA,Dipterocarpaceae_Parashorea_malaanonan,Dipterocarpaceae,Parashorea,malaanonan,PAR2MA,Parashorea,malaanonan,0.415
79,547815.5758,587958.422,2016,-161420,447,NA,Dipterocarpaceae_Parashorea_malaanonan,Dipterocarpaceae,Parashorea,malaanonan,PAR2MA,Parashorea,malaanonan,0.415
85,548065.5758,587908.422,2016,-161802,1203,NA,Dipterocarpaceae_Parashorea_malaanonan,Dipterocarpaceae,Parashorea,malaanonan,PAR2MA,Parashorea,malaanonan,0.415
66,547415.5758,587858.422,2016,-160450,637,NA,Dipterocarpaceae_Parashorea_malaanonan,Dipterocarpaceae,Parashorea,malaanonan,PAR2MA,Parashorea,malaanonan,0.415
5,547515.5758,588258.422,2016,-160678,701,NA,Dipterocarpaceae_Parashorea_malaanonan,Dipterocarpaceae,Parashorea,malaanonan,PAR2MA,Parashorea,malaanonan,0.415
5,547515.5758,588258.422,2016,-160679,834,NA,Dipterocarpaceae_Parashorea_malaanonan,Dipterocarpaceae,Parashorea,malaanonan,PAR2MA,Parashorea,malaanonan,0.415
23,547515.5758,588158.422,2016,-160693,324,NA,Dipterocarpaceae_Parashorea_malaanonan,Dipterocarpaceae,Parashorea,malaanonan,PAR2MA,Parashorea,malaanonan,0.415
45,547565.5758,588008.422,2016,-160766,369,NA,Dipterocarpaceae_Parashorea_malaanonan,Dipterocarpaceae,Parashorea,malaanonan,PAR2MA,Parashorea,malaanonan,0.415
68,547515.5758,587858.422,2016,-160740,768,NA,Dipterocarpaceae_Parashorea_malaanonan,Dipterocarpaceae,Parashorea,malaanonan,PAR2MA,Parashorea,malaanonan,0.415
6,547565.5758,588208.422,2016,-160826,310,NA,Dipterocarpaceae_Parashorea_malaanonan,Dipterocarpaceae,Parashorea,malaanonan,PAR2MA,Parashorea,malaanonan,0.415
46,547615.5758,588058.422,2016,-160966,437,NA,Dipterocarpaceae_Parashorea_malaanonan,Dipterocarpaceae,Parashorea,malaanonan,PAR2MA,Parashorea,malaanonan,0.415
74,547665.5758,587908.422,2016,-161128,578,NA,Dipterocarpaceae_Parashorea_malaanonan,Dipterocarpaceae,Parashorea,malaanonan,PAR2MA,Parashorea,malaanonan,0.415
76,547715.5758,587858.422,2016,-161204,343,NA,Dipterocarpaceae_Parashorea_malaanonan,Dipterocarpaceae,Parashorea,malaanonan,PAR2MA,Parashorea,malaanonan,0.415
59,547815.5758,588058.422,2016,-161378,352,NA,Dipterocarpaceae_Parashorea_malaanonan,Dipterocarpaceae,Parashorea,malaanonan,PAR2MA,Parashorea,malaanonan,0.415
83,547965.5758,587908.422,2016,-161632,396,NA,Dipterocarpaceae_Parashorea_malaanonan,Dipterocarpaceae,Parashorea,malaanonan,PAR2MA,Parashorea,malaanonan,0.415
84,548015.5758,587858.422,2016,-161724,361,NA,Dipterocarpaceae_Parashorea_malaanonan,Dipterocarpaceae,Parashorea,malaanonan,PAR2MA,Parashorea,malaanonan,0.415
17,548125.5758,588258.422,2016,-161875,611,NA,Dipterocarpaceae_Parashorea_malaanonan,Dipterocarpaceae,Parashorea,malaanonan,PAR2MA,Parashorea,malaanonan,0.415
35,548115.5758,588083.422,2016,-161886,1180,NA,Dipterocarpaceae_Parashorea_malaanonan,Dipterocarpaceae,Parashorea,malaanonan,PAR2MA,Parashorea,malaanonan,0.415
56,548115.5758,587858.422,2016,-161865,325,NA,Dipterocarpaceae_Parashorea_malaanonan,Dipterocarpaceae,Parashorea,malaanonan,PAR2MA,Parashorea,malaanonan,0.415
55,548215.5758,587858.422,2016,-162051,312,NA,Dipterocarpaceae_Parashorea_malaanonan,Dipterocarpaceae,Parashorea,malaanonan,PAR2MA,Parashorea,malaanonan,0.415
51,548315.5758,588058.422,2016,-162125,360,NA,Dipterocarpaceae_Parashorea_malaanonan,Dipterocarpaceae,Parashorea,malaanonan,PAR2MA,Parashorea,malaanonan,0.415
51,548315.5758,588058.422,2016,-162142,731,NA,Dipterocarpaceae_Parashorea_malaanonan,Dipterocarpaceae,Parashorea,malaanonan,PAR2MA,Parashorea,malaanonan,0.415
52,548315.5758,587958.422,2016,-162149,723,NA,Dipterocarpaceae_Parashorea_malaanonan,Dipterocarpaceae,Parashorea,malaanonan,PAR2MA,Parashorea,malaanonan,0.415
54,548315.5758,587858.422,2016,-162130,1196,NA,Dipterocarpaceae_Parashorea_malaanonan,Dipterocarpaceae,Parashorea,malaanonan,PAR2MA,Parashorea,malaanonan,0.415
3,547415.5758,588158.422,2016,-160474,886,NA,Dipterocarpaceae_Parashorea_malaanonan,Dipterocarpaceae,Parashorea,malaanonan,PAR2MA,Parashorea,malaanonan,0.415
67,547465.5758,587908.422,2016,-160599,1060,NA,Dipterocarpaceae_Parashorea_malaanonan,Dipterocarpaceae,Parashorea,malaanonan,PAR2MA,Parashorea,malaanonan,0.415
74,547665.5758,587908.422,2016,-161129,544,NA,Dipterocarpaceae_Parashorea_malaanonan,Dipterocarpaceae,Parashorea,malaanonan,PAR2MA,Parashorea,malaanonan,0.415
82,547915.5758,587858.422,2016,-161530,248,NA,Dipterocarpaceae_Parashorea_malaanonan,Dipterocarpaceae,Parashorea,malaanonan,PAR2MA,Parashorea,malaanonan,0.415
32,547815.5758,588158.422,2016,-161413,280,NA,Dipterocarpaceae_Parashorea_malaanonan,Dipterocarpaceae,Parashorea,malaanonan,PAR2MA,Parashorea,malaanonan,0.415
38,547965.5758,588108.422,2016,-161651,241,NA,Dipterocarpaceae_Parashorea_malaanonan,Dipterocarpaceae,Parashorea,malaanonan,PAR2MA,Parashorea,malaanonan,0.415
71,547415.5758,587958.422,2016,-160432,1021,NA,Dipterocarpaceae_Parashorea_malaanonan,Dipterocarpaceae,Parashorea,malaanonan,PAR2MA,Parashorea,malaanonan,0.415
74,547665.5758,587908.422,2016,-161130,299,NA,Dipterocarpaceae_Parashorea_malaanonan,Dipterocarpaceae,Parashorea,malaanonan,PAR2MA,Parashorea,malaanonan,0.415
31,547765.5758,588108.422,2016,-161315,262,NA,Dipterocarpaceae_Parashorea_malaanonan,Dipterocarpaceae,Parashorea,malaanonan,PAR2MA,Parashorea,malaanonan,0.415
62,547965.5758,588008.422,2016,-161619,295,NA,Dipterocarpaceae_Parashorea_malaanonan,Dipterocarpaceae,Parashorea,malaanonan,PAR2MA,Parashorea,malaanonan,0.415
83,547965.5758,587908.422,2016,-161633,201,NA,Dipterocarpaceae_Parashorea_malaanonan,Dipterocarpaceae,Parashorea,malaanonan,PAR2MA,Parashorea,malaanonan,0.415
36,548065.5758,588108.422,2016,-161768,280,NA,Dipterocarpaceae_Parashorea_malaanonan,Dipterocarpaceae,Parashorea,malaanonan,PAR2MA,Parashorea,malaanonan,0.415
85,548065.5758,587908.422,2016,-161782,292,NA,Dipterocarpaceae_Parashorea_malaanonan,Dipterocarpaceae,Parashorea,malaanonan,PAR2MA,Parashorea,malaanonan,0.415
43,548115.5758,588058.422,2016,-161858,765,NA,Dipterocarpaceae_Parashorea_malaanonan,Dipterocarpaceae,Parashorea,malaanonan,PAR2MA,Parashorea,malaanonan,0.415
56,548115.5758,587858.422,2016,-161902,270,NA,Dipterocarpaceae_Parashorea_malaanonan,Dipterocarpaceae,Parashorea,malaanonan,PAR2MA,Parashorea,malaanonan,0.415
55,548215.5758,587858.422,2016,-161991,220,NA,Dipterocarpaceae_Parashorea_malaanonan,Dipterocarpaceae,Parashorea,malaanonan,PAR2MA,Parashorea,malaanonan,0.415
5,547515.5758,588258.422,2016,-54871,800,NA,Dipterocarpaceae_Dryobalanops_lanceolata,Dipterocarpaceae,Dryobalanops,lanceolata,DRYOLA,Dryobalanops,lanceolata,0.62
5,547515.5758,588258.422,2016,-54887,241,NA,Dipterocarpaceae_Dryobalanops_lanceolata,Dipterocarpaceae,Dryobalanops,lanceolata,DRYOLA,Dryobalanops,lanceolata,0.62
70,547515.5758,587958.422,2016,-192734,719,NA,Dipterocarpaceae_Shorea_johorensis,Dipterocarpaceae,Shorea,johorensis,SHORJO,Shorea,johorensis,0.393333333
69,547565.5758,587908.422,2016,-192882,731,NA,Dipterocarpaceae_Shorea_johorensis,Dipterocarpaceae,Shorea,johorensis,SHORJO,Shorea,johorensis,0.393333333
72,547615.5758,587958.422,2016,-192961,1641,NA,Dipterocarpaceae_Shorea_johorensis,Dipterocarpaceae,Shorea,johorensis,SHORJO,Shorea,johorensis,0.393333333
75,547615.5758,587858.422,2016,-192972,1298,NA,Dipterocarpaceae_Shorea_johorensis,Dipterocarpaceae,Shorea,johorensis,SHORJO,Shorea,johorensis,0.393333333
8,547665.5758,588208.422,2016,-192975,550,NA,Dipterocarpaceae_Shorea_johorensis,Dipterocarpaceae,Shorea,johorensis,SHORJO,Shorea,johorensis,0.393333333
30,547665.5758,588108.422,2016,-193057,549,NA,Dipterocarpaceae_Shorea_johorensis,Dipterocarpaceae,Shorea,johorensis,SHORJO,Shorea,johorensis,0.393333333
76,547715.5758,587858.422,2016,-193188,741,NA,Dipterocarpaceae_Shorea_johorensis,Dipterocarpaceae,Shorea,johorensis,SHORJO,Shorea,johorensis,0.393333333
80,547815.5758,587858.422,2016,-193334,1283,NA,Dipterocarpaceae_Shorea_johorensis,Dipterocarpaceae,Shorea,johorensis,SHORJO,Shorea,johorensis,0.393333333
12,547865.5758,588208.422,2016,-193427,1391,NA,Dipterocarpaceae_Shorea_johorensis,Dipterocarpaceae,Shorea,johorensis,SHORJO,Shorea,johorensis,0.393333333
34,547915.5758,588158.422,2016,-193506,476,NA,Dipterocarpaceae_Shorea_johorensis,Dipterocarpaceae,Shorea,johorensis,SHORJO,Shorea,johorensis,0.393333333
63,547915.5758,587958.422,2016,-193479,702,NA,Dipterocarpaceae_Shorea_johorensis,Dipterocarpaceae,Shorea,johorensis,SHORJO,Shorea,johorensis,0.393333333
62,547965.5758,588008.422,2016,-193659,1590,NA,Dipterocarpaceae_Shorea_johorensis,Dipterocarpaceae,Shorea,johorensis,SHORJO,Shorea,johorensis,0.393333333
83,547965.5758,587908.422,2016,-193665,1025,NA,Dipterocarpaceae_Shorea_johorensis,Dipterocarpaceae,Shorea,johorensis,SHORJO,Shorea,johorensis,0.393333333
83,547965.5758,587908.422,2016,-193666,943,NA,Dipterocarpaceae_Shorea_johorensis,Dipterocarpaceae,Shorea,johorensis,SHORJO,Shorea,johorensis,0.393333333
83,547965.5758,587908.422,2016,-193667,991,NA,Dipterocarpaceae_Shorea_johorensis,Dipterocarpaceae,Shorea,johorensis,SHORJO,Shorea,johorensis,0.393333333
84,548015.5758,587858.422,2016,-193870,1099,NA,Dipterocarpaceae_Shorea_johorensis,Dipterocarpaceae,Shorea,johorensis,SHORJO,Shorea,johorensis,0.393333333
36,548065.5758,588108.422,2016,-193891,1110,NA,Dipterocarpaceae_Shorea_johorensis,Dipterocarpaceae,Shorea,johorensis,SHORJO,Shorea,johorensis,0.393333333
42,548065.5758,588008.422,2016,-193898,1211,NA,Dipterocarpaceae_Shorea_johorensis,Dipterocarpaceae,Shorea,johorensis,SHORJO,Shorea,johorensis,0.393333333
86,548115.5758,587958.422,2016,-194021,631,NA,Dipterocarpaceae_Shorea_johorensis,Dipterocarpaceae,Shorea,johorensis,SHORJO,Shorea,johorensis,0.393333333
56,548115.5758,587858.422,2016,-194026,1214,NA,Dipterocarpaceae_Shorea_johorensis,Dipterocarpaceae,Shorea,johorensis,SHORJO,Shorea,johorensis,0.393333333
27,548215.5758,588158.422,2016,-194147,470,NA,Dipterocarpaceae_Shorea_johorensis,Dipterocarpaceae,Shorea,johorensis,SHORJO,Shorea,johorensis,0.393333333
21,548315.5758,588258.422,2016,-194321,1115,NA,Dipterocarpaceae_Shorea_johorensis,Dipterocarpaceae,Shorea,johorensis,SHORJO,Shorea,johorensis,0.393333333
1,547415.5758,588258.422,2016,-192601,383,NA,Dipterocarpaceae_Shorea_johorensis,Dipterocarpaceae,Shorea,johorensis,SHORJO,Shorea,johorensis,0.393333333
3,547415.5758,588158.422,2016,-192571,364,NA,Dipterocarpaceae_Shorea_johorensis,Dipterocarpaceae,Shorea,johorensis,SHORJO,Shorea,johorensis,0.393333333
39,547415.5758,588058.422,2016,-192581,1409,NA,Dipterocarpaceae_Shorea_johorensis,Dipterocarpaceae,Shorea,johorensis,SHORJO,Shorea,johorensis,0.393333333
39,547415.5758,588058.422,2016,-192583,999,NA,Dipterocarpaceae_Shorea_johorensis,Dipterocarpaceae,Shorea,johorensis,SHORJO,Shorea,johorensis,0.393333333
4,547465.5758,588108.422,2016,-192694,1540,NA,Dipterocarpaceae_Shorea_johorensis,Dipterocarpaceae,Shorea,johorensis,SHORJO,Shorea,johorensis,0.393333333
70,547515.5758,587958.422,2016,-192770,1245,NA,Dipterocarpaceae_Shorea_johorensis,Dipterocarpaceae,Shorea,johorensis,SHORJO,Shorea,johorensis,0.393333333
70,547515.5758,587958.422,2016,-192772,675,NA,Dipterocarpaceae_Shorea_johorensis,Dipterocarpaceae,Shorea,johorensis,SHORJO,Shorea,johorensis,0.393333333
70,547515.5758,587958.422,2016,-192771,876,NA,Dipterocarpaceae_Shorea_johorensis,Dipterocarpaceae,Shorea,johorensis,SHORJO,Shorea,johorensis,0.393333333
70,547515.5758,587958.422,2016,-192804,386,NA,Dipterocarpaceae_Shorea_johorensis,Dipterocarpaceae,Shorea,johorensis,SHORJO,Shorea,johorensis,0.393333333
7,547615.5758,588258.422,2016,-192920,467,NA,Dipterocarpaceae_Shorea_johorensis,Dipterocarpaceae,Shorea,johorensis,SHORJO,Shorea,johorensis,0.393333333
47,547665.5758,588008.422,2016,-193070,1843,NA,Dipterocarpaceae_Shorea_johorensis,Dipterocarpaceae,Shorea,johorensis,SHORJO,Shorea,johorensis,0.393333333
74,547665.5758,587908.422,2016,-193095,1004,NA,Dipterocarpaceae_Shorea_johorensis,Dipterocarpaceae,Shorea,johorensis,SHORJO,Shorea,johorensis,0.393333333
73,547715.5758,587958.422,2016,-193243,446,NA,Dipterocarpaceae_Shorea_johorensis,Dipterocarpaceae,Shorea,johorensis,SHORJO,Shorea,johorensis,0.393333333
10,547765.5758,588208.422,2016,-193272,320,NA,Dipterocarpaceae_Shorea_johorensis,Dipterocarpaceae,Shorea,johorensis,SHORJO,Shorea,johorensis,0.393333333
59,547815.5758,588058.422,2016,-193325,397,NA,Dipterocarpaceae_Shorea_johorensis,Dipterocarpaceae,Shorea,johorensis,SHORJO,Shorea,johorensis,0.393333333
59,547815.5758,588058.422,2016,-193326,352,NA,Dipterocarpaceae_Shorea_johorensis,Dipterocarpaceae,Shorea,johorensis,SHORJO,Shorea,johorensis,0.393333333
32,547815.5758,588158.422,2016,-193350,385,NA,Dipterocarpaceae_Shorea_johorensis,Dipterocarpaceae,Shorea,johorensis,SHORJO,Shorea,johorensis,0.393333333
33,547865.5758,588108.422,2016,-193394,405,NA,Dipterocarpaceae_Shorea_johorensis,Dipterocarpaceae,Shorea,johorensis,SHORJO,Shorea,johorensis,0.393333333
59,547815.5758,588058.422,2016,-193355,1474,NA,Dipterocarpaceae_Shorea_johorensis,Dipterocarpaceae,Shorea,johorensis,SHORJO,Shorea,johorensis,0.393333333
58,547865.5758,588008.422,2016,-193409,928,NA,Dipterocarpaceae_Shorea_johorensis,Dipterocarpaceae,Shorea,johorensis,SHORJO,Shorea,johorensis,0.393333333
58,547865.5758,588008.422,2016,-193442,303,NA,Dipterocarpaceae_Shorea_johorensis,Dipterocarpaceae,Shorea,johorensis,SHORJO,Shorea,johorensis,0.393333333
58,547865.5758,588008.422,2016,-193444,315,NA,Dipterocarpaceae_Shorea_johorensis,Dipterocarpaceae,Shorea,johorensis,SHORJO,Shorea,johorensis,0.393333333
13,547965.5758,588208.422,2016,-193641,1164,NA,Dipterocarpaceae_Shorea_johorensis,Dipterocarpaceae,Shorea,johorensis,SHORJO,Shorea,johorensis,0.393333333
13,547965.5758,588208.422,2016,-193589,392,NA,Dipterocarpaceae_Shorea_johorensis,Dipterocarpaceae,Shorea,johorensis,SHORJO,Shorea,johorensis,0.393333333
38,547965.5758,588108.422,2016,-193645,991,NA,Dipterocarpaceae_Shorea_johorensis,Dipterocarpaceae,Shorea,johorensis,SHORJO,Shorea,johorensis,0.393333333
15,548015.5758,588258.422,2016,-193724,326,NA,Dipterocarpaceae_Shorea_johorensis,Dipterocarpaceae,Shorea,johorensis,SHORJO,Shorea,johorensis,0.393333333
64,548015.5758,588058.422,2016,-193701,503,NA,Dipterocarpaceae_Shorea_johorensis,Dipterocarpaceae,Shorea,johorensis,SHORJO,Shorea,johorensis,0.393333333
64,548015.5758,588058.422,2016,-193758,616,NA,Dipterocarpaceae_Shorea_johorensis,Dipterocarpaceae,Shorea,johorensis,SHORJO,Shorea,johorensis,0.393333333
36,548065.5758,588108.422,2016,-193923,387,NA,Dipterocarpaceae_Shorea_johorensis,Dipterocarpaceae,Shorea,johorensis,SHORJO,Shorea,johorensis,0.393333333
27,548215.5758,588158.422,2016,-194150,1392,NA,Dipterocarpaceae_Shorea_johorensis,Dipterocarpaceae,Shorea,johorensis,SHORJO,Shorea,johorensis,0.393333333
26,548165.5758,588108.422,2016,-194107,350,NA,Dipterocarpaceae_Shorea_johorensis,Dipterocarpaceae,Shorea,johorensis,SHORJO,Shorea,johorensis,0.393333333
57,548215.5758,587958.422,2016,-194157,495,NA,Dipterocarpaceae_Shorea_johorensis,Dipterocarpaceae,Shorea,johorensis,SHORJO,Shorea,johorensis,0.393333333
22,548245.5758,588108.422,2016,-194174,570,NA,Dipterocarpaceae_Shorea_johorensis,Dipterocarpaceae,Shorea,johorensis,SHORJO,Shorea,johorensis,0.393333333
49,548215.5758,588058.422,2016,-194175,484,NA,Dipterocarpaceae_Shorea_johorensis,Dipterocarpaceae,Shorea,johorensis,SHORJO,Shorea,johorensis,0.393333333
50,548265.5758,588008.422,2016,-194271,918,NA,Dipterocarpaceae_Shorea_johorensis,Dipterocarpaceae,Shorea,johorensis,SHORJO,Shorea,johorensis,0.393333333
51,548315.5758,588058.422,2016,-194342,1478,NA,Dipterocarpaceae_Shorea_johorensis,Dipterocarpaceae,Shorea,johorensis,SHORJO,Shorea,johorensis,0.393333333
3,547415.5758,588158.422,2016,-192605,873,NA,Dipterocarpaceae_Shorea_johorensis,Dipterocarpaceae,Shorea,johorensis,SHORJO,Shorea,johorensis,0.393333333
40,547465.5758,588008.422,2016,-192705,685,NA,Dipterocarpaceae_Shorea_johorensis,Dipterocarpaceae,Shorea,johorensis,SHORJO,Shorea,johorensis,0.393333333
45,547565.5758,588008.422,2016,-192835,1300,NA,Dipterocarpaceae_Shorea_johorensis,Dipterocarpaceae,Shorea,johorensis,SHORJO,Shorea,johorensis,0.393333333
25,547615.5758,588158.422,2016,-192929,801,NA,Dipterocarpaceae_Shorea_johorensis,Dipterocarpaceae,Shorea,johorensis,SHORJO,Shorea,johorensis,0.393333333
74,547665.5758,587908.422,2016,-193100,409,NA,Dipterocarpaceae_Shorea_johorensis,Dipterocarpaceae,Shorea,johorensis,SHORJO,Shorea,johorensis,0.393333333
74,547665.5758,587908.422,2016,-193097,1070,NA,Dipterocarpaceae_Shorea_johorensis,Dipterocarpaceae,Shorea,johorensis,SHORJO,Shorea,johorensis,0.393333333
60,547765.5758,588008.422,2016,-193256,1187,NA,Dipterocarpaceae_Shorea_johorensis,Dipterocarpaceae,Shorea,johorensis,SHORJO,Shorea,johorensis,0.393333333
77,547765.5758,587908.422,2016,-193265,874,NA,Dipterocarpaceae_Shorea_johorensis,Dipterocarpaceae,Shorea,johorensis,SHORJO,Shorea,johorensis,0.393333333
64,548015.5758,588058.422,2016,-193742,360,NA,Dipterocarpaceae_Shorea_johorensis,Dipterocarpaceae,Shorea,johorensis,SHORJO,Shorea,johorensis,0.393333333
33,547865.5758,588108.422,2016,-193435,329,NA,Dipterocarpaceae_Shorea_johorensis,Dipterocarpaceae,Shorea,johorensis,SHORJO,Shorea,johorensis,0.393333333
24,547565.5758,588108.422,2016,-192862,204,NA,Dipterocarpaceae_Shorea_johorensis,Dipterocarpaceae,Shorea,johorensis,SHORJO,Shorea,johorensis,0.393333333
72,547615.5758,587958.422,2016,-192936,275,NA,Dipterocarpaceae_Shorea_johorensis,Dipterocarpaceae,Shorea,johorensis,SHORJO,Shorea,johorensis,0.393333333
8,547665.5758,588208.422,2016,-192976,221,NA,Dipterocarpaceae_Shorea_johorensis,Dipterocarpaceae,Shorea,johorensis,SHORJO,Shorea,johorensis,0.393333333
30,547665.5758,588108.422,2016,-192977,259,NA,Dipterocarpaceae_Shorea_johorensis,Dipterocarpaceae,Shorea,johorensis,SHORJO,Shorea,johorensis,0.393333333
30,547665.5758,588108.422,2016,-193055,280,NA,Dipterocarpaceae_Shorea_johorensis,Dipterocarpaceae,Shorea,johorensis,SHORJO,Shorea,johorensis,0.393333333
30,547665.5758,588108.422,2016,-192980,209,NA,Dipterocarpaceae_Shorea_johorensis,Dipterocarpaceae,Shorea,johorensis,SHORJO,Shorea,johorensis,0.393333333
14,547915.5758,588258.422,2016,-193494,210,NA,Dipterocarpaceae_Shorea_johorensis,Dipterocarpaceae,Shorea,johorensis,SHORJO,Shorea,johorensis,0.393333333
63,547915.5758,587958.422,2016,-193525,311,NA,Dipterocarpaceae_Shorea_johorensis,Dipterocarpaceae,Shorea,johorensis,SHORJO,Shorea,johorensis,0.393333333
64,548015.5758,588058.422,2016,-193753,207,NA,Dipterocarpaceae_Shorea_johorensis,Dipterocarpaceae,Shorea,johorensis,SHORJO,Shorea,johorensis,0.393333333
36,548065.5758,588108.422,2016,-193889,231,NA,Dipterocarpaceae_Shorea_johorensis,Dipterocarpaceae,Shorea,johorensis,SHORJO,Shorea,johorensis,0.393333333
35,548115.5758,588083.422,2016,-194006,575,NA,Dipterocarpaceae_Shorea_johorensis,Dipterocarpaceae,Shorea,johorensis,SHORJO,Shorea,johorensis,0.393333333
43,548115.5758,588058.422,2016,-194043,930,NA,Dipterocarpaceae_Shorea_johorensis,Dipterocarpaceae,Shorea,johorensis,SHORJO,Shorea,johorensis,0.393333333
57,548215.5758,587958.422,2016,-194158,252,NA,Dipterocarpaceae_Shorea_johorensis,Dipterocarpaceae,Shorea,johorensis,SHORJO,Shorea,johorensis,0.393333333
87,548165.5758,587908.422,2016,-194118,233,NA,Dipterocarpaceae_Shorea_johorensis,Dipterocarpaceae,Shorea,johorensis,SHORJO,Shorea,johorensis,0.393333333
87,548165.5758,587908.422,2016,-194117,288,NA,Dipterocarpaceae_Shorea_johorensis,Dipterocarpaceae,Shorea,johorensis,SHORJO,Shorea,johorensis,0.393333333
52,548315.5758,587958.422,2016,-194350,260,NA,Dipterocarpaceae_Shorea_johorensis,Dipterocarpaceae,Shorea,johorensis,SHORJO,Shorea,johorensis,0.393333333
54,548315.5758,587858.422,2016,-194356,217,NA,Dipterocarpaceae_Shorea_johorensis,Dipterocarpaceae,Shorea,johorensis,SHORJO,Shorea,johorensis,0.393333333
7,547615.5758,588258.422,2016,-162515,531,NA,Dipterocarpaceae_Parashorea_tomentella,Dipterocarpaceae,Parashorea,tomentella,PAR2TO,Parashorea,tomentella,0.5535
61,548015.5758,587958.422,2016,-162863,486,NA,Dipterocarpaceae_Parashorea_tomentella,Dipterocarpaceae,Parashorea,tomentella,PAR2TO,Parashorea,tomentella,0.5535
36,548065.5758,588108.422,2016,-162931,671,NA,Dipterocarpaceae_Parashorea_tomentella,Dipterocarpaceae,Parashorea,tomentella,PAR2TO,Parashorea,tomentella,0.5535
35,548115.5758,588083.422,2016,-162976,616,NA,Dipterocarpaceae_Parashorea_tomentella,Dipterocarpaceae,Parashorea,tomentella,PAR2TO,Parashorea,tomentella,0.5535
26,548165.5758,588108.422,2016,-163021,562,NA,Dipterocarpaceae_Parashorea_tomentella,Dipterocarpaceae,Parashorea,tomentella,PAR2TO,Parashorea,tomentella,0.5535
61,548015.5758,587958.422,2016,-162864,573,NA,Dipterocarpaceae_Parashorea_tomentella,Dipterocarpaceae,Parashorea,tomentella,PAR2TO,Parashorea,tomentella,0.5535
9,547715.5758,588258.422,2016,-162570,1005,NA,Dipterocarpaceae_Parashorea_tomentella,Dipterocarpaceae,Parashorea,tomentella,PAR2TO,Parashorea,tomentella,0.5535
12,547865.5758,588208.422,2016,-162703,530,NA,Dipterocarpaceae_Parashorea_tomentella,Dipterocarpaceae,Parashorea,tomentella,PAR2TO,Parashorea,tomentella,0.5535
13,547965.5758,588208.422,2016,-162819,412,NA,Dipterocarpaceae_Parashorea_tomentella,Dipterocarpaceae,Parashorea,tomentella,PAR2TO,Parashorea,tomentella,0.5535
84,548015.5758,587858.422,2016,-162866,389,NA,Dipterocarpaceae_Parashorea_tomentella,Dipterocarpaceae,Parashorea,tomentella,PAR2TO,Parashorea,tomentella,0.5535
17,548125.5758,588258.422,2016,-162998,484,NA,Dipterocarpaceae_Parashorea_tomentella,Dipterocarpaceae,Parashorea,tomentella,PAR2TO,Parashorea,tomentella,0.5535
54,548315.5758,587858.422,2016,-163095,361,NA,Dipterocarpaceae_Parashorea_tomentella,Dipterocarpaceae,Parashorea,tomentella,PAR2TO,Parashorea,tomentella,0.5535
31,547765.5758,588108.422,2016,-162636,502,NA,Dipterocarpaceae_Parashorea_tomentella,Dipterocarpaceae,Parashorea,tomentella,PAR2TO,Parashorea,tomentella,0.5535
66,547415.5758,587858.422,2016,-162247,272,NA,Dipterocarpaceae_Parashorea_tomentella,Dipterocarpaceae,Parashorea,tomentella,PAR2TO,Parashorea,tomentella,0.5535
39,547415.5758,588058.422,2016,-162256,208,NA,Dipterocarpaceae_Parashorea_tomentella,Dipterocarpaceae,Parashorea,tomentella,PAR2TO,Parashorea,tomentella,0.5535
29,547715.5758,588158.422,2016,-162575,253,NA,Dipterocarpaceae_Parashorea_tomentella,Dipterocarpaceae,Parashorea,tomentella,PAR2TO,Parashorea,tomentella,0.5535
31,547765.5758,588108.422,2016,-162638,253,NA,Dipterocarpaceae_Parashorea_tomentella,Dipterocarpaceae,Parashorea,tomentella,PAR2TO,Parashorea,tomentella,0.5535
82,547915.5758,587858.422,2016,-162749,370,NA,Dipterocarpaceae_Parashorea_tomentella,Dipterocarpaceae,Parashorea,tomentella,PAR2TO,Parashorea,tomentella,0.5535
52,548315.5758,587958.422,2016,-163102,259,NA,Dipterocarpaceae_Parashorea_tomentella,Dipterocarpaceae,Parashorea,tomentella,PAR2TO,Parashorea,tomentella,0.5535
72,547615.5758,587958.422,2016,-164645,342,NA,Malvaceae_Pentace_laxiflora,Malvaceae,Pentace,laxiflora,PENTLA,Pentace,laxiflora,0.604833333
78,547715.5758,588058.422,2016,-164917,336,NA,Malvaceae_Pentace_laxiflora,Malvaceae,Pentace,laxiflora,PENTLA,Pentace,laxiflora,0.604833333
32,547815.5758,588158.422,2016,-165478,478,NA,Malvaceae_Pentace_laxiflora,Malvaceae,Pentace,laxiflora,PENTLA,Pentace,laxiflora,0.604833333
79,547815.5758,587958.422,2016,-165538,421,NA,Malvaceae_Pentace_laxiflora,Malvaceae,Pentace,laxiflora,PENTLA,Pentace,laxiflora,0.604833333
80,547815.5758,587858.422,2016,-165564,384,NA,Malvaceae_Pentace_laxiflora,Malvaceae,Pentace,laxiflora,PENTLA,Pentace,laxiflora,0.604833333
80,547815.5758,587858.422,2016,-165568,311,NA,Malvaceae_Pentace_laxiflora,Malvaceae,Pentace,laxiflora,PENTLA,Pentace,laxiflora,0.604833333
61,548015.5758,587958.422,2016,-166802,381,NA,Malvaceae_Pentace_laxiflora,Malvaceae,Pentace,laxiflora,PENTLA,Pentace,laxiflora,0.604833333
68,547515.5758,587858.422,2016,-164570,318,NA,Malvaceae_Pentace_laxiflora,Malvaceae,Pentace,laxiflora,PENTLA,Pentace,laxiflora,0.604833333
31,547765.5758,588108.422,2016,-165233,311,NA,Malvaceae_Pentace_laxiflora,Malvaceae,Pentace,laxiflora,PENTLA,Pentace,laxiflora,0.604833333
31,547765.5758,588108.422,2016,-165231,367,NA,Malvaceae_Pentace_laxiflora,Malvaceae,Pentace,laxiflora,PENTLA,Pentace,laxiflora,0.604833333
59,547815.5758,588058.422,2016,-165496,301,NA,Malvaceae_Pentace_laxiflora,Malvaceae,Pentace,laxiflora,PENTLA,Pentace,laxiflora,0.604833333
33,547865.5758,588108.422,2016,-165750,426,NA,Malvaceae_Pentace_laxiflora,Malvaceae,Pentace,laxiflora,PENTLA,Pentace,laxiflora,0.604833333
83,547965.5758,587908.422,2016,-166667,322,NA,Malvaceae_Pentace_laxiflora,Malvaceae,Pentace,laxiflora,PENTLA,Pentace,laxiflora,0.604833333
61,548015.5758,587958.422,2016,-166801,310,NA,Malvaceae_Pentace_laxiflora,Malvaceae,Pentace,laxiflora,PENTLA,Pentace,laxiflora,0.604833333
31,547765.5758,588108.422,2016,-165235,439,NA,Malvaceae_Pentace_laxiflora,Malvaceae,Pentace,laxiflora,PENTLA,Pentace,laxiflora,0.604833333
77,547765.5758,587908.422,2016,-165300,509,NA,Malvaceae_Pentace_laxiflora,Malvaceae,Pentace,laxiflora,PENTLA,Pentace,laxiflora,0.604833333
64,548015.5758,588058.422,2016,-166778,302,NA,Malvaceae_Pentace_laxiflora,Malvaceae,Pentace,laxiflora,PENTLA,Pentace,laxiflora,0.604833333
32,547815.5758,588158.422,2016,-165577,280,NA,Malvaceae_Pentace_laxiflora,Malvaceae,Pentace,laxiflora,PENTLA,Pentace,laxiflora,0.604833333
59,547815.5758,588058.422,2016,-165639,243,NA,Malvaceae_Pentace_laxiflora,Malvaceae,Pentace,laxiflora,PENTLA,Pentace,laxiflora,0.604833333
58,547865.5758,588008.422,2016,-165832,270,NA,Malvaceae_Pentace_laxiflora,Malvaceae,Pentace,laxiflora,PENTLA,Pentace,laxiflora,0.604833333
81,547865.5758,587908.422,2016,-165898,305,NA,Malvaceae_Pentace_laxiflora,Malvaceae,Pentace,laxiflora,PENTLA,Pentace,laxiflora,0.604833333
38,547965.5758,588108.422,2016,-166521,223,NA,Malvaceae_Pentace_laxiflora,Malvaceae,Pentace,laxiflora,PENTLA,Pentace,laxiflora,0.604833333
38,547965.5758,588108.422,2016,-166618,267,NA,Malvaceae_Pentace_laxiflora,Malvaceae,Pentace,laxiflora,PENTLA,Pentace,laxiflora,0.604833333
38,547965.5758,588108.422,2016,-166622,225,NA,Malvaceae_Pentace_laxiflora,Malvaceae,Pentace,laxiflora,PENTLA,Pentace,laxiflora,0.604833333
72,547615.5758,587958.422,2016,-164647,242,NA,Malvaceae_Pentace_laxiflora,Malvaceae,Pentace,laxiflora,PENTLA,Pentace,laxiflora,0.604833333
47,547665.5758,588008.422,2016,-164733,270,NA,Malvaceae_Pentace_laxiflora,Malvaceae,Pentace,laxiflora,PENTLA,Pentace,laxiflora,0.604833333
47,547665.5758,588008.422,2016,-164735,280,NA,Malvaceae_Pentace_laxiflora,Malvaceae,Pentace,laxiflora,PENTLA,Pentace,laxiflora,0.604833333
47,547665.5758,588008.422,2016,-164734,303,NA,Malvaceae_Pentace_laxiflora,Malvaceae,Pentace,laxiflora,PENTLA,Pentace,laxiflora,0.604833333
73,547715.5758,587958.422,2016,-164949,317,NA,Malvaceae_Pentace_laxiflora,Malvaceae,Pentace,laxiflora,PENTLA,Pentace,laxiflora,0.604833333
10,547765.5758,588208.422,2016,-165100,220,NA,Malvaceae_Pentace_laxiflora,Malvaceae,Pentace,laxiflora,PENTLA,Pentace,laxiflora,0.604833333
33,547865.5758,588108.422,2016,-165744,300,NA,Malvaceae_Pentace_laxiflora,Malvaceae,Pentace,laxiflora,PENTLA,Pentace,laxiflora,0.604833333
80,547815.5758,587858.422,2016,-165569,205,NA,Malvaceae_Pentace_laxiflora,Malvaceae,Pentace,laxiflora,PENTLA,Pentace,laxiflora,0.604833333
65,547915.5758,588058.422,2016,-166260,220,NA,Malvaceae_Pentace_laxiflora,Malvaceae,Pentace,laxiflora,PENTLA,Pentace,laxiflora,0.604833333
65,547915.5758,588058.422,2016,-166267,210,NA,Malvaceae_Pentace_laxiflora,Malvaceae,Pentace,laxiflora,PENTLA,Pentace,laxiflora,0.604833333
63,547915.5758,587958.422,2016,-166335,270,NA,Malvaceae_Pentace_laxiflora,Malvaceae,Pentace,laxiflora,PENTLA,Pentace,laxiflora,0.604833333
64,548015.5758,588058.422,2016,-166788,242,NA,Malvaceae_Pentace_laxiflora,Malvaceae,Pentace,laxiflora,PENTLA,Pentace,laxiflora,0.604833333
72,547615.5758,587958.422,2016,-194467,656,NA,Dipterocarpaceae_Shorea_leprosula,Dipterocarpaceae,Shorea,leprosula,SHORL1,Shorea,leprosula,0.44
72,547615.5758,587958.422,2016,-194468,611,NA,Dipterocarpaceae_Shorea_leprosula,Dipterocarpaceae,Shorea,leprosula,SHORL1,Shorea,leprosula,0.44
8,547665.5758,588208.422,2016,-194483,335,NA,Dipterocarpaceae_Shorea_leprosula,Dipterocarpaceae,Shorea,leprosula,SHORL1,Shorea,leprosula,0.44
73,547715.5758,587958.422,2016,-194517,486,NA,Dipterocarpaceae_Shorea_leprosula,Dipterocarpaceae,Shorea,leprosula,SHORL1,Shorea,leprosula,0.44
44,548115.5758,588158.422,2016,-194723,591,NA,Dipterocarpaceae_Shorea_leprosula,Dipterocarpaceae,Shorea,leprosula,SHORL1,Shorea,leprosula,0.44
23,547515.5758,588158.422,2016,-194440,347,NA,Dipterocarpaceae_Shorea_leprosula,Dipterocarpaceae,Shorea,leprosula,SHORL1,Shorea,leprosula,0.44
8,547665.5758,588208.422,2016,-194473,927,NA,Dipterocarpaceae_Shorea_leprosula,Dipterocarpaceae,Shorea,leprosula,SHORL1,Shorea,leprosula,0.44
10,547765.5758,588208.422,2016,-194544,352,NA,Dipterocarpaceae_Shorea_leprosula,Dipterocarpaceae,Shorea,leprosula,SHORL1,Shorea,leprosula,0.44
63,547915.5758,587958.422,2016,-194621,317,NA,Dipterocarpaceae_Shorea_leprosula,Dipterocarpaceae,Shorea,leprosula,SHORL1,Shorea,leprosula,0.44
83,547965.5758,587908.422,2016,-194645,923,NA,Dipterocarpaceae_Shorea_leprosula,Dipterocarpaceae,Shorea,leprosula,SHORL1,Shorea,leprosula,0.44
17,548125.5758,588258.422,2016,-194714,627,NA,Dipterocarpaceae_Shorea_leprosula,Dipterocarpaceae,Shorea,leprosula,SHORL1,Shorea,leprosula,0.44
48,548165.5758,588008.422,2016,-194771,605,NA,Dipterocarpaceae_Shorea_leprosula,Dipterocarpaceae,Shorea,leprosula,SHORL1,Shorea,leprosula,0.44
87,548165.5758,587908.422,2016,-194794,406,NA,Dipterocarpaceae_Shorea_leprosula,Dipterocarpaceae,Shorea,leprosula,SHORL1,Shorea,leprosula,0.44
50,548265.5758,588008.422,2016,-194885,546,NA,Dipterocarpaceae_Shorea_leprosula,Dipterocarpaceae,Shorea,leprosula,SHORL1,Shorea,leprosula,0.44
39,547415.5758,588058.422,2016,-194430,328,NA,Dipterocarpaceae_Shorea_leprosula,Dipterocarpaceae,Shorea,leprosula,SHORL1,Shorea,leprosula,0.44
25,547615.5758,588158.422,2016,-194459,1261,NA,Dipterocarpaceae_Shorea_leprosula,Dipterocarpaceae,Shorea,leprosula,SHORL1,Shorea,leprosula,0.44
31,547765.5758,588108.422,2016,-194535,895,NA,Dipterocarpaceae_Shorea_leprosula,Dipterocarpaceae,Shorea,leprosula,SHORL1,Shorea,leprosula,0.44
31,547765.5758,588108.422,2016,-194537,900,NA,Dipterocarpaceae_Shorea_leprosula,Dipterocarpaceae,Shorea,leprosula,SHORL1,Shorea,leprosula,0.44
62,547965.5758,588008.422,2016,-194642,214,NA,Dipterocarpaceae_Shorea_leprosula,Dipterocarpaceae,Shorea,leprosula,SHORL1,Shorea,leprosula,0.44
84,548015.5758,587858.422,2016,-194691,205,NA,Dipterocarpaceae_Shorea_leprosula,Dipterocarpaceae,Shorea,leprosula,SHORL1,Shorea,leprosula,0.44
35,548115.5758,588083.422,2016,-194748,209,NA,Dipterocarpaceae_Shorea_leprosula,Dipterocarpaceae,Shorea,leprosula,SHORL1,Shorea,leprosula,0.44
49,548215.5758,588058.422,2016,-194838,236,NA,Dipterocarpaceae_Shorea_leprosula,Dipterocarpaceae,Shorea,leprosula,SHORL1,Shorea,leprosula,0.44
21,548315.5758,588258.422,2016,-194889,264,NA,Dipterocarpaceae_Shorea_leprosula,Dipterocarpaceae,Shorea,leprosula,SHORL1,Shorea,leprosula,0.44
79,547815.5758,587958.422,2016,-195958,1136,NA,Dipterocarpaceae_Shorea_pauciflora,Dipterocarpaceae,Shorea,pauciflora,SHORP2,Shorea,pauciflora,0.5325
58,547865.5758,588008.422,2016,-195964,532,NA,Dipterocarpaceae_Shorea_pauciflora,Dipterocarpaceae,Shorea,pauciflora,SHORP2,Shorea,pauciflora,0.5325
62,547965.5758,588008.422,2016,-196005,1483,NA,Dipterocarpaceae_Shorea_pauciflora,Dipterocarpaceae,Shorea,pauciflora,SHORP2,Shorea,pauciflora,0.5325
16,548065.5758,588208.422,2016,-196031,677,NA,Dipterocarpaceae_Shorea_pauciflora,Dipterocarpaceae,Shorea,pauciflora,SHORP2,Shorea,pauciflora,0.5325
42,548065.5758,588008.422,2016,-196027,797,NA,Dipterocarpaceae_Shorea_pauciflora,Dipterocarpaceae,Shorea,pauciflora,SHORP2,Shorea,pauciflora,0.5325
23,547515.5758,588158.422,2016,-195841,1445,NA,Dipterocarpaceae_Shorea_pauciflora,Dipterocarpaceae,Shorea,pauciflora,SHORP2,Shorea,pauciflora,0.5325
41,547515.5758,588058.422,2016,-195843,303,NA,Dipterocarpaceae_Shorea_pauciflora,Dipterocarpaceae,Shorea,pauciflora,SHORP2,Shorea,pauciflora,0.5325
80,547815.5758,587858.422,2016,-195959,978,NA,Dipterocarpaceae_Shorea_pauciflora,Dipterocarpaceae,Shorea,pauciflora,SHORP2,Shorea,pauciflora,0.5325
13,547965.5758,588208.422,2016,-196001,500,NA,Dipterocarpaceae_Shorea_pauciflora,Dipterocarpaceae,Shorea,pauciflora,SHORP2,Shorea,pauciflora,0.5325
13,547965.5758,588208.422,2016,-196000,1258,NA,Dipterocarpaceae_Shorea_pauciflora,Dipterocarpaceae,Shorea,pauciflora,SHORP2,Shorea,pauciflora,0.5325
31,547765.5758,588108.422,2016,-195943,614,NA,Dipterocarpaceae_Shorea_pauciflora,Dipterocarpaceae,Shorea,pauciflora,SHORP2,Shorea,pauciflora,0.5325
3,547415.5758,588158.422,2016,-195822,528,NA,Dipterocarpaceae_Shorea_pauciflora,Dipterocarpaceae,Shorea,pauciflora,SHORP2,Shorea,pauciflora,0.5325
6,547565.5758,588208.422,2016,-195855,262,NA,Dipterocarpaceae_Shorea_pauciflora,Dipterocarpaceae,Shorea,pauciflora,SHORP2,Shorea,pauciflora,0.5325
16,548065.5758,588208.422,2016,-196030,620,NA,Dipterocarpaceae_Shorea_pauciflora,Dipterocarpaceae,Shorea,pauciflora,SHORP2,Shorea,pauciflora,0.5325
44,548115.5758,588158.422,2016,-180411,350,NA,Malvaceae_Pterospermum_javanicum,Malvaceae,Pterospermum,javanicum,PTERJA,Pterospermum,javanicum,0.4
48,548165.5758,588008.422,2016,-180418,220,NA,Malvaceae_Pterospermum_javanicum,Malvaceae,Pterospermum,javanicum,PTERJA,Pterospermum,javanicum,0.4
87,548165.5758,587908.422,2016,-43593,605,NA,Sapindaceae_Dimocarpus_longan,Sapindaceae,Dimocarpus,longan,DIM1LO,Dimocarpus,longan,0.7
29,547715.5758,588158.422,2016,-43092,395,NA,Sapindaceae_Dimocarpus_longan,Sapindaceae,Dimocarpus,longan,DIM1LO,Dimocarpus,longan,0.7
83,547965.5758,587908.422,2016,-43346,374,NA,Sapindaceae_Dimocarpus_longan,Sapindaceae,Dimocarpus,longan,DIM1LO,Dimocarpus,longan,0.7
26,548165.5758,588108.422,2016,-43603,430,NA,Sapindaceae_Dimocarpus_longan,Sapindaceae,Dimocarpus,longan,DIM1LO,Dimocarpus,longan,0.7
30,547665.5758,588108.422,2016,-43057,281,NA,Sapindaceae_Dimocarpus_longan,Sapindaceae,Dimocarpus,longan,DIM1LO,Dimocarpus,longan,0.7
8,547665.5758,588208.422,2016,-43048,215,NA,Sapindaceae_Dimocarpus_longan,Sapindaceae,Dimocarpus,longan,DIM1LO,Dimocarpus,longan,0.7
34,547915.5758,588158.422,2016,-43277,217,NA,Sapindaceae_Dimocarpus_longan,Sapindaceae,Dimocarpus,longan,DIM1LO,Dimocarpus,longan,0.7
84,548015.5758,587858.422,2016,-43378,244,NA,Sapindaceae_Dimocarpus_longan,Sapindaceae,Dimocarpus,longan,DIM1LO,Dimocarpus,longan,0.7
71,547415.5758,587958.422,2016,-22557,478,NA,Malvaceae_Brownlowia_peltata,Malvaceae,Brownlowia,peltata,BROWPE,Brownlowia,peltata,0.47
22,548245.5758,588108.422,2016,-26484,201,NA,Malvaceae_Brownlowia_peltata,Malvaceae,Brownlowia,peltata,BROWPE,Brownlowia,peltata,0.47
68,547515.5758,587858.422,2016,-192483,312,NA,Dipterocarpaceae_Shorea_gibbosa,Dipterocarpaceae,Shorea,gibbosa,SHORGI,Shorea,gibbosa,0.455
69,547565.5758,587908.422,2016,-192250,336,NA,Dipterocarpaceae_Shorea_faguetiana,Dipterocarpaceae,Shorea,faguetiana,SHORFA,Shorea,faguetiana,0.48
81,547865.5758,587908.422,2016,-196295,1025,NA,Dipterocarpaceae_Shorea_seminis,Dipterocarpaceae,Shorea,seminis,SHORSE,Shorea,seminis,0.72
59,547815.5758,588058.422,2016,-196202,220,NA,Dipterocarpaceae_Shorea_seminis,Dipterocarpaceae,Shorea,seminis,SHORSE,Shorea,seminis,0.72
62,547965.5758,588008.422,2016,-196674,210,NA,Dipterocarpaceae_Shorea_seminis,Dipterocarpaceae,Shorea,seminis,SHORSE,Shorea,seminis,0.72
52,548315.5758,587958.422,2016,-197492,1200,NA,Dipterocarpaceae_Shorea_symingtonii,Dipterocarpaceae,Shorea,symingtonii,SHORSY,Shorea,symingtonii,0.583246313
71,547415.5758,587958.422,2016,-197089,276,NA,Dipterocarpaceae_Shorea_symingtonii,Dipterocarpaceae,Shorea,symingtonii,SHORSY,Shorea,symingtonii,0.583246313
72,547615.5758,587958.422,2016,-197107,207,NA,Dipterocarpaceae_Shorea_symingtonii,Dipterocarpaceae,Shorea,symingtonii,SHORSY,Shorea,symingtonii,0.583246313
48,548165.5758,588008.422,2016,-42563,279,NA,Sapindaceae_Dimocarpus_dentatus,Sapindaceae,Dimocarpus,dentatus,DIM1DE,Dimocarpus,dentatus,0.7
39,547415.5758,588058.422,2016,-42328,235,NA,Sapindaceae_Dimocarpus_dentatus,Sapindaceae,Dimocarpus,dentatus,DIM1DE,Dimocarpus,dentatus,0.7
25,547615.5758,588158.422,2016,-42403,208,NA,Sapindaceae_Dimocarpus_dentatus,Sapindaceae,Dimocarpus,dentatus,DIM1DE,Dimocarpus,dentatus,0.7
25,547615.5758,588158.422,2016,-27343,213,NA,Anacardiaceae_Buchanania_sessilifolia,Anacardiaceae,Buchanania,sessilifolia,BUCHSE,Buchanania,sessilifolia,0.425
