"scrubbed_species_binomial","trait_name","trait_value","unit","method","latitude","longitude","elevation_m","url_source","project_pi","project_pi_contact","access","id"
"Parashorea tomentella","seed mass","5710","mg",NA,NA,NA,NA,"http://datadryad.org/resource/doi:10.5061/dryad.h9083","Paine CET","c.e.t.paine@stir.ac.uk","public",3116668
"Melastoma malabathricum","seed mass","0.071","mg","data compilation; average of 1000 seeds",NA,NA,NA,"http://www.kew.org/data/sid ","Liu, K., Eastwood, R.J., Flynn, S., Turner, R.M., and Stuppy, W.H.","sid@kew.org ","public",3116847
"Mangifera indica","seed mass","18181.8","mg","data compilation; average of 1000 seeds",NA,NA,NA,"http://www.kew.org/data/sid ","Liu, K., Eastwood, R.J., Flynn, S., Turner, R.M., and Stuppy, W.H.","sid@kew.org ","public",3116852
"Cananga odorata","seed mass","40","mg","data compilation; average of 1000 seeds",NA,NA,NA,"http://www.kew.org/data/sid ","Liu, K., Eastwood, R.J., Flynn, S., Turner, R.M., and Stuppy, W.H.","sid@kew.org ","public",3118213
"Sterculia lanceolata","seed mass","502","mg","data compilation; average of 1000 seeds",NA,NA,NA,"http://www.kew.org/data/sid ","Liu, K., Eastwood, R.J., Flynn, S., Turner, R.M., and Stuppy, W.H.","sid@kew.org ","public",3117470
"Pterygota alata","seed mass","869.57","mg","data compilation; average of 1000 seeds",NA,NA,NA,"http://www.kew.org/data/sid ","Liu, K., Eastwood, R.J., Flynn, S., Turner, R.M., and Stuppy, W.H.","sid@kew.org ","public",3117798
"Intsia palembanica","seed mass","7000","mg","data compilation; average of 1000 seeds",NA,NA,NA,"http://www.kew.org/data/sid ","Liu, K., Eastwood, R.J., Flynn, S., Turner, R.M., and Stuppy, W.H.","sid@kew.org ","public",3127980
"Magnolia acuminata","seed mass","83.227958","mg","data compilation; average of 1000 seeds",NA,NA,NA,"http://www.kew.org/data/sid ","Liu, K., Eastwood, R.J., Flynn, S., Turner, R.M., and Stuppy, W.H.","sid@kew.org ","public",3130484
"Sterculia lanceolata","seed mass","502","mg","data compilation; average of 1000 seeds",NA,NA,NA,"http://www.kew.org/data/sid ","Liu, K., Eastwood, R.J., Flynn, S., Turner, R.M., and Stuppy, W.H.","sid@kew.org ","public",3120915
"Aglaia tomentosa","seed mass","298","mg","data compilation; average of 1000 seeds",NA,NA,NA,"http://www.kew.org/data/sid ","Liu, K., Eastwood, R.J., Flynn, S., Turner, R.M., and Stuppy, W.H.","sid@kew.org ","public",3126478
"Vitex pinnata","seed mass","95","mg","data compilation; average of 1000 seeds",NA,NA,NA,"http://www.kew.org/data/sid ","Liu, K., Eastwood, R.J., Flynn, S., Turner, R.M., and Stuppy, W.H.","sid@kew.org ","public",3133168
"Ficus variegata","seed mass","0.34","mg","data compilation; average of 1000 seeds",NA,NA,NA,"http://www.kew.org/data/sid ","Liu, K., Eastwood, R.J., Flynn, S., Turner, R.M., and Stuppy, W.H.","sid@kew.org ","public",3131353
"Nothaphoebe umbelliflora","seed mass","2100","mg","data compilation; average of 1000 seeds",NA,NA,NA,"http://www.kew.org/data/sid ","Liu, K., Eastwood, R.J., Flynn, S., Turner, R.M., and Stuppy, W.H.","sid@kew.org ","public",3131436
"Pometia pinnata","seed mass","666.67","mg","data compilation; average of 1000 seeds",NA,NA,NA,"http://www.kew.org/data/sid ","Liu, K., Eastwood, R.J., Flynn, S., Turner, R.M., and Stuppy, W.H.","sid@kew.org ","public",3135149
"Pometia pinnata","seed mass","670","mg","data compilation; average of 1000 seeds",NA,NA,NA,"http://www.kew.org/data/sid ","Liu, K., Eastwood, R.J., Flynn, S., Turner, R.M., and Stuppy, W.H.","sid@kew.org ","public",3135102
"Pterygota alata","seed mass","454.5","mg","data compilation; average of 1000 seeds",NA,NA,NA,"http://www.kew.org/data/sid ","Liu, K., Eastwood, R.J., Flynn, S., Turner, R.M., and Stuppy, W.H.","sid@kew.org ","public",3138079
"Cananga odorata","seed mass","70.8","mg","data compilation; average of 1000 seeds",NA,NA,NA,"http://www.kew.org/data/sid ","Liu, K., Eastwood, R.J., Flynn, S., Turner, R.M., and Stuppy, W.H.","sid@kew.org ","public",3141601
"Timonius wallichianus","seed mass","4.4","mg","data compilation; average of 1000 seeds",NA,NA,NA,"http://www.kew.org/data/sid ","Liu, K., Eastwood, R.J., Flynn, S., Turner, R.M., and Stuppy, W.H.","sid@kew.org ","public",3138002
"Magnolia acuminata","seed mass","83.227958","mg","data compilation; average of 1000 seeds",NA,NA,NA,"http://www.kew.org/data/sid ","Liu, K., Eastwood, R.J., Flynn, S., Turner, R.M., and Stuppy, W.H.","sid@kew.org ","public",3163006
"Mangifera indica","seed mass","18181.8","mg","data compilation; average of 1000 seeds",NA,NA,NA,"http://www.kew.org/data/sid ","Liu, K., Eastwood, R.J., Flynn, S., Turner, R.M., and Stuppy, W.H.","sid@kew.org ","public",3164314
"Canarium denticulatum","seed mass","10100","mg","data compilation; average of 1000 seeds",NA,NA,NA,"http://www.kew.org/data/sid ","Liu, K., Eastwood, R.J., Flynn, S., Turner, R.M., and Stuppy, W.H.","sid@kew.org ","public",3142091
"Canarium denticulatum","seed mass","10100","mg","data compilation; average of 1000 seeds",NA,NA,NA,"http://www.kew.org/data/sid ","Liu, K., Eastwood, R.J., Flynn, S., Turner, R.M., and Stuppy, W.H.","sid@kew.org ","public",3142066
"Pterygota alata","seed mass","454.5","mg","data compilation; average of 1000 seeds",NA,NA,NA,"http://www.kew.org/data/sid ","Liu, K., Eastwood, R.J., Flynn, S., Turner, R.M., and Stuppy, W.H.","sid@kew.org ","public",3244056
"Terminalia citrina","seed mass","123.46","mg","data compilation; average of 1000 seeds",NA,NA,NA,"http://www.kew.org/data/sid ","Liu, K., Eastwood, R.J., Flynn, S., Turner, R.M., and Stuppy, W.H.","sid@kew.org ","public",3243897
"Neolamarckia cadamba","seed mass","40","mg","average of seed mass measurements",NA,NA,NA,NA,"K.S. Murali",NA,"public",3254643
"Magnolia acuminata","seed mass","83.3","mg","data compilation; average of 1000 seeds",NA,NA,NA,"http://www.kew.org/data/sid ","Liu, K., Eastwood, R.J., Flynn, S., Turner, R.M., and Stuppy, W.H.","sid@kew.org ","public",3164257
"Mangifera indica","seed mass","18181.8","mg","average of seed mass measurements",NA,NA,NA,NA,"K.S. Murali",NA,"public",3242069
"Dimocarpus longan","seed mass","600","mg","data compilation; average of 1000 seeds",NA,NA,NA,"http://www.kew.org/data/sid ","Liu, K., Eastwood, R.J., Flynn, S., Turner, R.M., and Stuppy, W.H.","sid@kew.org ","public",3246318
"Elaeocarpus stipularis","seed mass","3240","mg","data compilation; average of 1000 seeds",NA,NA,NA,"http://www.kew.org/data/sid ","Liu, K., Eastwood, R.J., Flynn, S., Turner, R.M., and Stuppy, W.H.","sid@kew.org ","public",3865185
"Elaeocarpus stipularis","seed mass","3240","mg","data compilation; average of 1000 seeds",NA,NA,NA,"http://www.kew.org/data/sid ","Liu, K., Eastwood, R.J., Flynn, S., Turner, R.M., and Stuppy, W.H.","sid@kew.org ","public",3865177
"Ficus variegata","seed mass","0.34","mg","data compilation; average of 1000 seeds",NA,NA,NA,"http://www.kew.org/data/sid ","Liu, K., Eastwood, R.J., Flynn, S., Turner, R.M., and Stuppy, W.H.","sid@kew.org ","public",3873104
"Leea indica","seed mass","36.265532","mg","data compilation; average of 1000 seeds",NA,NA,NA,"http://www.kew.org/data/sid ","Liu, K., Eastwood, R.J., Flynn, S., Turner, R.M., and Stuppy, W.H.","sid@kew.org ","public",3881023
"Ficus variegata","seed mass","0.34","mg","data compilation; average of 1000 seeds",NA,NA,NA,"http://www.kew.org/data/sid ","Liu, K., Eastwood, R.J., Flynn, S., Turner, R.M., and Stuppy, W.H.","sid@kew.org ","public",3873092
"Leea indica","seed mass","40.026093","mg","data compilation; average of 1000 seeds",NA,NA,NA,"http://www.kew.org/data/sid ","Liu, K., Eastwood, R.J., Flynn, S., Turner, R.M., and Stuppy, W.H.","sid@kew.org ","public",3884382
"Leea indica","seed mass","36.265","mg","data compilation; average of 1000 seeds",NA,NA,NA,"http://www.kew.org/data/sid ","Liu, K., Eastwood, R.J., Flynn, S., Turner, R.M., and Stuppy, W.H.","sid@kew.org ","public",3884383
"Elaeocarpus stipularis","seed mass","3240","mg","data compilation; average of 1000 seeds",NA,NA,NA,"http://www.kew.org/data/sid ","Liu, K., Eastwood, R.J., Flynn, S., Turner, R.M., and Stuppy, W.H.","sid@kew.org ","public",3865111
"Magnolia acuminata","seed mass","99.01","mg","data compilation; average of 1000 seeds",NA,NA,NA,"http://www.kew.org/data/sid ","Liu, K., Eastwood, R.J., Flynn, S., Turner, R.M., and Stuppy, W.H.","sid@kew.org ","public",3884829
"Macaranga gigantea","seed mass","13","mg","data compilation; average of 1000 seeds",NA,NA,NA,"http://www.kew.org/data/sid ","Liu, K., Eastwood, R.J., Flynn, S., Turner, R.M., and Stuppy, W.H.","sid@kew.org ","public",3887026
"Magnolia acuminata","seed mass","83.22","mg","data compilation; average of 1000 seeds",NA,NA,NA,"http://www.kew.org/data/sid ","Liu, K., Eastwood, R.J., Flynn, S., Turner, R.M., and Stuppy, W.H.","sid@kew.org ","public",3886166
"Mangifera indica","seed mass","18181.8","mg","data compilation; average of 1000 seeds",NA,NA,NA,"http://www.kew.org/data/sid ","Liu, K., Eastwood, R.J., Flynn, S., Turner, R.M., and Stuppy, W.H.","sid@kew.org ","public",3887515
"Mangifera indica","seed mass","18181.8","mg","data compilation; average of 1000 seeds",NA,NA,NA,"http://www.kew.org/data/sid ","Liu, K., Eastwood, R.J., Flynn, S., Turner, R.M., and Stuppy, W.H.","sid@kew.org ","public",3889000
"Macaranga gigantea","seed mass","13","mg","data compilation; average of 1000 seeds",NA,NA,NA,"http://www.kew.org/data/sid ","Liu, K., Eastwood, R.J., Flynn, S., Turner, R.M., and Stuppy, W.H.","sid@kew.org ","public",3886789
"Macaranga hypoleuca","seed mass","30","mg","data compilation; average of 1000 seeds",NA,NA,NA,"http://www.kew.org/data/sid ","Liu, K., Eastwood, R.J., Flynn, S., Turner, R.M., and Stuppy, W.H.","sid@kew.org ","public",3887039
"Macaranga hypoleuca","seed mass","27","mg","data compilation; average of 1000 seeds",NA,NA,NA,"http://www.kew.org/data/sid ","Liu, K., Eastwood, R.J., Flynn, S., Turner, R.M., and Stuppy, W.H.","sid@kew.org ","public",3887040
"Mangifera indica","seed mass","25000","mg","data compilation; average of 1000 seeds",NA,NA,NA,"http://www.kew.org/data/sid ","Liu, K., Eastwood, R.J., Flynn, S., Turner, R.M., and Stuppy, W.H.","sid@kew.org ","public",3889024
"Mangifera indica","seed mass","4500","mg","data compilation; average of 1000 seeds",NA,NA,NA,"http://www.kew.org/data/sid ","Liu, K., Eastwood, R.J., Flynn, S., Turner, R.M., and Stuppy, W.H.","sid@kew.org ","public",3889014
"Melastoma malabathricum","seed mass","0.071","mg","data compilation; average of 1000 seeds",NA,NA,NA,"http://www.kew.org/data/sid ","Liu, K., Eastwood, R.J., Flynn, S., Turner, R.M., and Stuppy, W.H.","sid@kew.org ","public",3888470
"Pterygota alata","seed mass","454.5","mg","average of seed mass measurements",NA,NA,NA,NA,"K.S. Murali",NA,"public",3895490
"Sterculia stipulata","seed mass","300","mg","data compilation; average of 1000 seeds",NA,NA,NA,"http://www.kew.org/data/sid ","Liu, K., Eastwood, R.J., Flynn, S., Turner, R.M., and Stuppy, W.H.","sid@kew.org ","public",3899485
"Myristica cinnamomea","seed mass","7900","mg","data compilation; average of 1000 seeds",NA,NA,NA,"http://www.kew.org/data/sid ","Liu, K., Eastwood, R.J., Flynn, S., Turner, R.M., and Stuppy, W.H.","sid@kew.org ","public",3898403
"Sterculia stipulata","seed mass","300","mg","data compilation; average of 1000 seeds",NA,NA,NA,"http://www.kew.org/data/sid ","Liu, K., Eastwood, R.J., Flynn, S., Turner, R.M., and Stuppy, W.H.","sid@kew.org ","public",3899620
"Timonius wallichianus","seed mass","4.4","mg","data compilation; average of 1000 seeds",NA,NA,NA,"http://www.kew.org/data/sid ","Liu, K., Eastwood, R.J., Flynn, S., Turner, R.M., and Stuppy, W.H.","sid@kew.org ","public",3900346
"Melastoma malabathricum","seed mass","0.071","mg","data compilation; average of 1000 seeds",NA,NA,NA,"http://www.kew.org/data/sid ","Liu, K., Eastwood, R.J., Flynn, S., Turner, R.M., and Stuppy, W.H.","sid@kew.org ","public",3890066
"Sterculia stipulata","seed mass","300","mg","data compilation; average of 1000 seeds",NA,NA,NA,"http://www.kew.org/data/sid ","Liu, K., Eastwood, R.J., Flynn, S., Turner, R.M., and Stuppy, W.H.","sid@kew.org ","public",3899583
"Parkia speciosa","seed mass","540","mg","data compilation; average of 1000 seeds",NA,NA,NA,"http://www.kew.org/data/sid ","Liu, K., Eastwood, R.J., Flynn, S., Turner, R.M., and Stuppy, W.H.","sid@kew.org ","public",3902140
"Parinari excelsa","seed mass","5600","mg",NA,NA,NA,NA,"http://datadryad.org/resource/doi:10.5061/dryad.d87v7","Letcher SG","susan.letcher@purchase.edu","public",3902143
"Prunus polystachya","seed mass","1400","mg","data compilation; average of 1000 seeds",NA,NA,NA,"http://www.kew.org/data/sid ","Liu, K., Eastwood, R.J., Flynn, S., Turner, R.M., and Stuppy, W.H.","sid@kew.org ","public",3900613
"Sterculia lanceolata","seed mass","502","mg","data compilation; average of 1000 seeds",NA,NA,NA,"http://www.kew.org/data/sid ","Liu, K., Eastwood, R.J., Flynn, S., Turner, R.M., and Stuppy, W.H.","sid@kew.org ","public",3928632
"Terminalia ivorensis","seed mass","164.74","mg","data compilation; average of 1000 seeds",NA,NA,NA,"http://www.kew.org/data/sid ","Liu, K., Eastwood, R.J., Flynn, S., Turner, R.M., and Stuppy, W.H.","sid@kew.org ","public",3929728
"Pterygota alata","seed mass","454.5","mg","data compilation; average of 1000 seeds",NA,NA,NA,"http://www.kew.org/data/sid ","Liu, K., Eastwood, R.J., Flynn, S., Turner, R.M., and Stuppy, W.H.","sid@kew.org ","public",3928573
"Melastoma malabathricum","seed mass","0.033","mg","data compilation; average of 1000 seeds",NA,NA,NA,"http://www.kew.org/data/sid ","Liu, K., Eastwood, R.J., Flynn, S., Turner, R.M., and Stuppy, W.H.","sid@kew.org ","public",3925155
"Cananga odorata","seed mass","52.4","mg","data compilation; average of 1000 seeds",NA,NA,NA,"http://www.kew.org/data/sid ","Liu, K., Eastwood, R.J., Flynn, S., Turner, R.M., and Stuppy, W.H.","sid@kew.org ","public",3952737
"Terminalia ivorensis","seed mass","117","mg","data compilation; average of 1000 seeds",NA,NA,NA,"http://www.kew.org/data/sid ","Liu, K., Eastwood, R.J., Flynn, S., Turner, R.M., and Stuppy, W.H.","sid@kew.org ","public",3929851
"Terminalia ivorensis","seed mass","90.9","mg","data compilation; average of 1000 seeds",NA,NA,NA,"http://www.kew.org/data/sid ","Liu, K., Eastwood, R.J., Flynn, S., Turner, R.M., and Stuppy, W.H.","sid@kew.org ","public",3929837
"Cinnamomum iners","seed mass","262","mg","data compilation; average of 1000 seeds",NA,NA,NA,"http://www.kew.org/data/sid ","Liu, K., Eastwood, R.J., Flynn, S., Turner, R.M., and Stuppy, W.H.","sid@kew.org ","public",3958571
"Terminalia ivorensis","seed mass","160","mg","data compilation; average of 1000 seeds",NA,NA,NA,"http://www.kew.org/data/sid ","Liu, K., Eastwood, R.J., Flynn, S., Turner, R.M., and Stuppy, W.H.","sid@kew.org ","public",3930491
"Parashorea malaanonan","seed mass","1860","mg",NA,NA,NA,NA,"http://datadryad.org/resource/doi:10.5061/dryad.h9083","Paine CET","c.e.t.paine@stir.ac.uk","public",3967956
"Canarium denticulatum","seed mass","10100","mg","data compilation; average of 1000 seeds",NA,NA,NA,"http://www.kew.org/data/sid ","Liu, K., Eastwood, R.J., Flynn, S., Turner, R.M., and Stuppy, W.H.","sid@kew.org ","public",3954479
"Dryobalanops lanceolata","seed mass","8300","mg",NA,NA,NA,NA,"http://datadryad.org/resource/doi:10.5061/dryad.h9083","Paine CET","c.e.t.paine@stir.ac.uk","public",3967873
